brand_id_xml,brand_name,categ_id_xml,series_name,name,code,catalog_status,active,sequence,equivalent_type,product_features,product_description,main_applications,special_applications,thickness,adhesive_thickness,color_id,adhesive_type_id,base_material_id,ref_price,is_rohs,is_reach,is_halogen_free,fire_rating
brand_ui_皇冠_4,皇冠（huangguan）,category_tape_tissue,棉纸双面胶带61系列（耐温120°）,DS611,DS611,published,1,10,3M9075、德莎60975,棉纸双面胶，耐温120°。,,"<div data-oe-version=""2.0"">冲压铭板，薄膜开关的粘贴</div>","<div data-oe-version=""2.0""><font>适用于冲压型、铭板、薄膜开关的粘贴，耐温120℃</font></div>",0.12,,半透明,-,棉纸/无纺布,0.0,0,0,0,none
brand_ui_皇冠_4,皇冠（huangguan）,category_tape_tissue,棉纸双面胶带61系列（耐温120°）,DS611PN,DS611PN,published,1,10,积水5760,棉纸双面胶，耐温120°。,,"<div data-oe-version=""2.0"">冲压铭板，薄膜开关的粘贴</div>","<div data-oe-version=""2.0"">用于曲面。</div>",0.12,,半透明,-,棉纸/无纺布,0.0,0,0,0,none
brand_ui_皇冠_4,皇冠（huangguan）,category_tape_tissue,棉纸双面胶带61系列（耐温120°）,DS612,DS612,published,1,10,3M9448、SONY T4000、日东5015,棉纸双面胶，耐温120°。,,"<div data-oe-version=""2.0"">冲压铭板，薄膜开关的粘贴</div>",,0.14,,半透明,-,棉纸/无纺布,0.0,0,0,0,none
brand_ui_皇冠_4,皇冠（huangguan）,category_tape_tissue,棉纸双面胶带61系列（耐温120°）,DS612PN,DS612PN,published,1,10,积水5760,棉纸双面胶，耐温120°。,,"<div data-oe-version=""2.0"">冲压铭板，薄膜开关的粘贴</div>",,0.14,,半透明,-,棉纸/无纺布,0.0,0,0,0,none
brand_ui_皇冠_4,皇冠（huangguan）,category_tape_tissue,棉纸双面胶带61系列（耐温120°）,DS613,DS613,published,1,10,3M9080、日东500、 TESA60980、日东GA808,棉纸双面胶，耐温120°。,,"<div data-oe-version=""2.0"">冲压铭板，薄膜开关的粘贴</div>",,0.16,,半透明,-,棉纸/无纺布,0.0,0,0,0,none
brand_ui_皇冠_4,皇冠（huangguan）,category_tape_tissue,棉纸双面胶带61系列（耐温120°）,DS613PN,DS613PN,published,1,10,,棉纸双面胶，耐温120°。,,"<div data-oe-version=""2.0"">冲压铭板，薄膜开关的粘贴</div>",,0.16,,半透明,-,棉纸/无纺布,0.0,0,0,0,none
brand_ui_皇冠_4,皇冠（huangguan）,category_tape_tissue,棉纸双面胶带60系列（泡棉粘贴）,DS601,DS601,published,1,10,我司创新产品,,,,"<table class=""table table-bordered o_table"" data-oe-version=""2.0""><tbody><tr><td><p><font>适合各种泡棉材料的粘贴，它具有粘接性好，粘接力强的优点，并可耐温60℃～80℃。单、双面都粘泡绵。</font></p></td></tr></tbody></table>",0.14,,半透明,-,棉纸/无纺布,0.0,0,0,0,none
brand_ui_皇冠_4,皇冠（huangguan）,category_tape_tissue,棉纸双面胶带60系列（泡棉粘贴）,DS602,DS602 #11,published,1,10,我司创新产品,,,,"<div data-oe-version=""2.0""><font>适合各种泡棉及软质材料，耐温一般。双面粘泡绵，单面粘钢板和ABS板，不耐温。</font></div><div><font>棉纸双面胶带；0.11/0.13</font></div><div><br></div>",0.11,,半透明,-,棉纸/无纺布,0.0,0,0,0,none
brand_ui_皇冠_4,皇冠（huangguan）,category_tape_tissue,棉纸双面胶带60系列（泡棉粘贴）,DS603,DS603 #14,published,1,10,力王D500C,,,,"<div data-oe-version=""2.0""><font>适合各种泡棉材料的粘贴，单、双面都粘泡棉，它具有粘接性好，粘接力强的优点，并可耐温100℃。</font></div><div>&nbsp;两种厚度 0.14 0..16</div>",0.14,,半透明,-,棉纸/无纺布,0.0,0,0,0,none
brand_ui_皇冠_4,皇冠（huangguan）,category_tape_tissue,棉纸双面胶带,DS510,DS510,published,1,10,TESA60933、TESA60975,,,,"<div data-oe-version=""2.0""><font>适用于冲压型、铭板、薄膜开关的粘贴，耐温80℃</font></div>",0.1,,半透明,-,棉纸/无纺布,0.0,0,0,0,none
brand_ui_皇冠_4,皇冠（huangguan）,category_tape_tissue,棉纸双面胶带,DS511,DS511,published,1,10,日东5216A、3M9075、德莎60975,,,,"<div data-oe-version=""2.0""><font>适用于冲压型、铭板、薄膜开关的粘贴，耐温100℃</font></div>",0.12,,半透明,-,棉纸/无纺布,0.0,0,0,0,none
brand_ui_皇冠_4,皇冠（huangguan）,category_tape_tissue,棉纸双面胶带,DS511PN,DS511PN,published,1,10,,,,,"<div data-oe-version=""2.0""><font>用于曲面</font></div>",0.12,,半透明,-,棉纸/无纺布,0.0,0,0,0,none
brand_ui_皇冠_4,皇冠（huangguan）,category_tape_tissue,棉纸双面胶带,DS512,DS512,published,1,10,"德莎68646、3M9448 3M9888T SONYG9000,3M9448A",,,,"<div data-oe-version=""2.0""><font>适用于泡棉与橡胶的黏结，冰箱蒸发器固定，铭板的固定，电子行业零部件的固定及组装，耐温100℃。</font></div>",0.14,,半透明,-,棉纸/无纺布,0.0,0,0,0,none
brand_ui_皇冠_4,皇冠（huangguan）,category_tape_tissue,棉纸双面胶带,DS512PN,DS512PN,published,1,10,,,,,,0.14,,半透明,-,棉纸/无纺布,0.0,0,0,0,none
brand_ui_皇冠_4,皇冠（huangguan）,category_tape_tissue,棉纸双面胶带,DS513,DS513,published,1,10,日东500、3M9448,,,,"<div data-oe-version=""2.0""><font>适用于冲压型、铭板、薄膜开关的粘贴，耐温100℃</font></div>",0.16,,半透明,-,棉纸/无纺布,0.0,0,0,0,none
brand_ui_皇冠_4,皇冠（huangguan）,category_tape_tissue,棉纸双面胶带,DS513PN,DS513PN,published,1,10,,,,,"<div data-oe-version=""2.0"">用于曲面。</div>",0.16,,半透明,-,棉纸/无纺布,0.0,0,0,0,none
brand_ui_皇冠_4,皇冠（huangguan）,category_tape_no_substrate,无基材双面胶带,DS767,DS767,published,1,10,,无基材,,,,0.05mm,,透明,-,无基材,0.0,0,0,0,none
brand_ui_皇冠_4,皇冠（huangguan）,category_tape_no_substrate,无基材双面胶带,DS767G（经济型）,DS767G,published,1,10,易于做冲型和操作，广泛应用于一般工业组装，薄膜面板开关，铭板及电子产品等方面,无基材,,,,0.05mm,,透明,-,无基材,0.0,0,0,0,none
brand_ui_皇冠_4,皇冠（huangguan）,category_tape_no_substrate,无基材双面胶带,DS768G（经济型）,DS768G,published,1,10,3M468,无基材,,,"<div data-oe-version=""2.0""><font>易于做冲型和操作，广泛应用于一般工业组装，薄膜面板开关，铭板及电子产品等方面</font></div>",0.13,,透明,-,无基材,0.0,0,0,0,none
brand_ui_皇冠_4,皇冠（huangguan）,category_tape_tissue,棉纸双面胶带,DS6200,DS6200,published,1,10,DIC#8810SA-200S，日东5100,,,,"<div data-oe-version=""2.0"">高粘</div>",0.2,,半透明,-,棉纸/无纺布,0.0,0,0,0,none
brand_ui_皇冠_4,皇冠（huangguan）,category_tape_tissue,棉纸双面胶带,DS6300,DS6300,published,1,10,日东507,,,,"<div data-oe-version=""2.0"">强粘</div>",0.3,,半透明,-,棉纸/无纺布,0.0,0,0,0,none
brand_ui_皇冠_4,皇冠（huangguan）,category_tape_tissue,棉纸双面胶带,DS6400,DS6400,published,1,10,我司创新产品,,,,"<div data-oe-version=""2.0"">超强粘</div>",0.4,,半透明,-,棉纸/无纺布,0.0,0,0,0,none
brand_ui_皇冠_4,皇冠（huangguan）,category_tape_pet_double,透明PET双面胶带（对标TESA）,7967,7967,published,1,10,TESA4967、3M9500、3M9795,,,,"<p data-oe-version=""2.0""><font>透明PET双面胶带；0.16</font></p><div><font>（白、棕色格拉辛离型纸）</font></div><div><br></div><div><br></div><div><font>优良的抗剪切强度和粘接强度，在苛刻的外力及温度条件下也能保证可靠的粘接效果，适用于手机视窗/镜头、电池仓的固定；数码相机橡胶片、内存卡、电池板的固定。</font></div>",0.16,,透明,-,薄膜_PET（聚酯),0.0,0,0,0,none
brand_ui_皇冠_4,皇冠（huangguan）,category_tape_tissue,棉纸双面胶带,DS742,DS742,published,1,10,力王D5550,,,,"<div data-oe-version=""2.0""><font>&nbsp;超薄型双面胶</font></div>",0.05,,半透明,-,棉纸/无纺布,0.0,0,0,0,none
brand_ui_皇冠_4,皇冠（huangguan）,category_tape_pet_double,透明PET双面胶带（对标TESA）,7983,7983,published,1,10,TESA4983、3M9009、日东5603,,,,"<div data-oe-version=""2.0""><font>超薄，适用于LCD以及固定铭牌等。</font></div>",0.03,,透明,-,薄膜_PET（聚酯),0.0,0,0,0,none
brand_ui_皇冠_4,皇冠（huangguan）,category_tape_pet_double,透明PET双面胶带（对标TESA）,7972,7972,published,1,10,TESA4972、3M9019、日东5605,,,,"<div data-oe-version=""2.0""><font>厚度较薄，适用于手机铭牌、耳机/话筒附件的粘接；数码相机反光膜的固定；LCD反光片与背光膜组之间的固定。</font></div><div><br></div><p><font>透明PET双面胶带；0.05</font></p><div><font>（白、棕色格拉辛离型纸）。</font></div>",0.05,,透明,-,薄膜_PET（聚酯),0.0,0,0,0,none
brand_ui_皇冠_4,皇冠（huangguan）,category_tape_pet_double,透明PET双面胶带（对标TESA）,7980,7980,published,1,10,TESA4980、日东5608,,,,"<div data-oe-version=""2.0""><font>良好的粘接力，适用于手机键盘、LCD框架的固定；数码相机按钮及硬质材料的固定；LCD前壳与LCD面板之间的固定。</font></div>",0.08,,透明,-,薄膜_PET（聚酯),0.0,0,0,0,none
brand_ui_皇冠_4,皇冠（huangguan）,category_tape_pet_double,透明PET双面胶带（对标TESA）,7982,7982,published,1,10,TESA4982、日东5610,,,,"<div data-oe-version=""2.0""><font>对于一般较平滑的表面有很好的粘接强度，用于手机、LCD，适用于LCD背光膜组与底框之间的固定。</font></div><div><br></div><p><font>透明PET双面胶带；0.1</font></p><p><font>（白、棕色格拉辛离型纸）</font></p><div><br></div>",0.1,,透明,-,薄膜_PET（聚酯),0.0,0,0,0,none
brand_ui_皇冠_4,皇冠（huangguan）,category_tape_pet_double,透明PET双面胶带（对标TESA）,7928,7928,published,1,10,"TESA4928、3M9495MP、日东5612,3M9795Le",,,,"<div data-oe-version=""2.0""><font>1，综合性能良好，并具有良好的抗剪切性及耐温性，适用于手机视窗/镜头的固定；数码相机LCD模块的固定；LCD背光膜组与底框之间的固定。</font></div><div><font>2，透明PET双面胶带；0.125（白、棕色格拉辛离型纸）</font><br></div>",0.125,,透明,-,薄膜_PET（聚酯),0.0,0,0,0,none
brand_ui_皇冠_4,皇冠（huangguan）,category_tape_pet_double,透明PET双面胶带（对标TESA）,7965,7965,published,1,10,TESA4965,,,,"<p data-oe-version=""2.0""><font>透明PET双面胶带；0.205</font></p><div><font>（浅红色OPP离型膜）</font></div><div><br></div><div><font>在高温和低温下都有良好的粘接力，对非极性材料有很高的粘接强度，适用于手机视窗/镜头、电池仓的固定；数码相机镜盖、橡胶片、内存卡的固定。</font></div>",0.205,,透明,-,薄膜_PET（聚酯),0.0,0,0,0,none
brand_ui_皇冠_4,皇冠（huangguan）,,白色PVC双面胶带,白色PVC胶带 7970,7970,published,1,10,TESA4970,,,,"<div data-oe-version=""2.0""><font>1,白色PVC双面胶带；0.225/0.245 （白、棕色格拉辛离型纸)</font></div><div><font>2. 适用于家具行业中模具及装饰件的固定及电子行业中负重部件的固定。</font></div>",0.225,,白色,-,薄膜_PVC（聚氯乙烯）,0.0,0,0,0,none
brand_ui_皇冠_4,皇冠（huangguan）,,白色PVC双面胶带,7968,7968,published,1,10,TESA4968,,,,"<div data-oe-version=""2.0""><font>1.对粗糙的表面有良好的粘接力，适用于模具、装饰件的自粘。</font></div><div><font>2.白色PVC双面胶带；0.3/0.325&nbsp; （白、棕色格拉辛离型纸）</font></div>",0.3,,白色,-,薄膜_PVC（聚氯乙烯）,0.0,0,0,0,none
brand_ui_皇冠_4,皇冠（huangguan）,category_tape_pet_double,PET双面胶带（遮光）,7980BH,7980BH,published,1,10,TESA4980黑胶，日东5608B,,,"<div data-oe-version=""2.0""><font>用于遮光。</font></div>","<p data-oe-version=""2.0""><font>透明PET双面胶带（黑色）；0.08</font></p><div><font>（白、棕色格拉辛离型纸）</font></div>",0.08,,黒色,-,薄膜_PET（聚酯),0.0,0,0,0,none
brand_ui_皇冠_4,皇冠（huangguan）,category_tape_pet_double,PET双面胶带（遮光）,7982BH,7982BH,published,1,10,TESA4982黑胶，日东5610B,,,"<div data-oe-version=""2.0""><font>用于遮光。</font></div>","<p data-oe-version=""2.0""><font>透明PET双面胶带（黑色）；0.1</font></p><div><font>（白、棕色格拉辛离型纸）</font></div>",0.1,,黒色,-,薄膜_PET（聚酯),0.0,0,0,0,none
brand_ui_皇冠_4,皇冠（huangguan）,category_tape_pet_double,透明PP双面胶带（对标TESA）,7982P,7982P,published,1,10,TESA4982（PP基材）,PP基材,,,"<div data-oe-version=""2.0"">PP基材。</div><div><br></div><div><font>对于一般较平滑的表面有很好的粘接强度，用于手机、LCD，适用于LCD背光膜组与底框之间的固定。</font></div>",0.1,,透明,-,薄膜_PP（聚丙烯）,0.0,0,0,0,none
brand_ui_皇冠_4,皇冠（huangguan）,category_tape_tissue,DS15BH黑色棉纸双面胶带,DS15BH,DS15BH #160,published,1,10,3M9448B、SONY T-4000B,黑色,,"<div data-oe-version=""2.0""><font>用于电视机喇叭网的粘贴。</font></div>","<div data-oe-version=""2.0""><br></div>",0.16mm,,黒色,-,棉纸/无纺布,0.0,0,0,0,none
brand_ui_皇冠_4,皇冠（huangguan）,category_protection_film,排废保护膜；0.06,CF5060,CF5060,published,1,10,,制程排废用,,"<div data-oe-version=""2.0"">制程排废</div>","<div data-oe-version=""2.0"">皇冠创新产品</div>",0.06,,半透明,-,薄膜_PE（聚乙烯）,0.0,0,0,0,none
brand_ui_皇冠_4,皇冠（huangguan）,category_tape_pet_double,PET双面胶带（遮光）,CF775080DT,CF775080DT,published,1,10,,,,"<div data-oe-version=""2.0""><font>用于遮光。</font></div>","<div data-oe-version=""2.0"">皇冠创新产品，夹芯。</div>",0.08,,黒色,-,薄膜_PET（聚酯),0.0,0,0,0,none
brand_ui_皇冠_4,皇冠（huangguan）,category_tape_pet_double,PET双面胶带 DS31-6#,DS31-6025,DS31-6025,published,1,10,,,,,,0.125,,透明,-,薄膜_PET（聚酯),0.0,0,0,0,none
brand_ui_皇冠_4,皇冠（huangguan）,category_tape_pet_double,夹芯PET双面胶带,6025DT,6025DT,published,1,10,,,,,,0.125,,透明,-,薄膜_PET（聚酯),0.0,0,0,0,none
brand_ui_皇冠_4,皇冠（huangguan）,category_tape_pet_double,PET双面胶带 DS31-6#,DS31-6050,DS31-6050,published,1,10,,,,,,0.15,,透明,-,薄膜_PET（聚酯),0.0,0,0,0,none
brand_ui_皇冠_4,皇冠（huangguan）,category_tape_pet_double,PET双面胶带,6050DT,6050DT,published,1,10,,,,"<div data-oe-version=""2.0"">双面带胶</div>",,0.15,,透明,-,薄膜_PET（聚酯),0.0,0,0,0,none
brand_ui_皇冠_4,皇冠（huangguan）,category_tape_pet_double,PET双面胶带 DS31-6#,DS31-6075,DS31-6075,published,1,10,,,,,,0.175,,透明,-,薄膜_PET（聚酯),0.0,0,0,0,none
brand_ui_皇冠_4,皇冠（huangguan）,category_tape_pet_double,夹芯PET双面胶带,6075DT,6075DT,published,1,10,,,,,"<div data-oe-version=""2.0""><br></div>",0.175,,透明,-,薄膜_PET（聚酯),0.0,0,0,0,none
brand_ui_皇冠_4,皇冠（huangguan）,category_tape_pet_double,PET双面胶带 DS31-6#,DS31-6100,DS31-6100,published,1,10,,,,,,0.2,,透明,-,薄膜_PET（聚酯),0.0,0,0,0,none
brand_ui_皇冠_4,皇冠（huangguan）,category_tape_pet_double,夹芯PET双面胶带,6100DT,6100DT,published,1,10,,,,,,0.2 mm,,透明,-,薄膜_PET（聚酯),0.0,0,0,0,none
brand_ui_皇冠_4,皇冠（huangguan）,category_tape_pet_double,PET双面胶带 DS31-6#,DS31-6125,DS31-6125,published,1,10,,,,,,0.225,,透明,-,薄膜_PET（聚酯),0.0,0,0,0,none
brand_ui_皇冠_4,皇冠（huangguan）,category_tape_pet_double,夹芯PET双面胶带,6125DT,6125DT,published,1,10,,,,,,0.225,,透明,-,薄膜_PET（聚酯),0.0,0,0,0,none
brand_ui_皇冠_4,皇冠（huangguan）,category_tape_pet_double,PET双面胶带 DS31-6#,DS31-6175,DS31-6175,published,1,10,,,,,,0.275,,透明,-,薄膜_PET（聚酯),0.0,0,0,0,none
brand_ui_皇冠_4,皇冠（huangguan）,category_tape_pet_double,夹芯PET双面胶带,6175DT,6175DT,published,1,10,,,,,,0.275,,透明,-,薄膜_PET（聚酯),0.0,0,0,0,none
brand_ui_皇冠_4,皇冠（huangguan）,category_tape_pet_double,PET双面胶带 DS31-6#,DS31-6188,DS31-6188,published,1,10,,,,,,0.288,,透明,-,薄膜_PET（聚酯),0.0,0,0,0,none
brand_ui_皇冠_4,皇冠（huangguan）,category_tape_pet_double,夹芯PET双面胶带,6188DT,6188DT,published,1,10,,,,,,0.288,,透明,-,薄膜_PET（聚酯),0.0,0,0,0,none
brand_ui_皇冠_4,皇冠（huangguan）,category_tape_pet_double,PET双面胶带DS31-7#,DS31-7025,DS31-7025,published,1,10,,耐温100℃。,,"<div data-oe-version=""2.0"">适用于薄膜开关间隔片和手机按键等.</div>",,0.125,,透明,-,薄膜_PET（聚酯),0.0,0,0,0,none
brand_ui_皇冠_4,皇冠（huangguan）,category_tape_pet_double,夹芯PET双面胶带,7025DT,7025DT,published,1,10,,,,,,0.125,,透明,-,薄膜_PET（聚酯),0.0,0,0,0,none
brand_ui_皇冠_4,皇冠（huangguan）,category_tape_pet_double,PET双面胶带DS31-7#,DS31-7050,DS31-7050,published,1,10,,耐温100℃。,,"<div data-oe-version=""2.0"">适用于薄膜开关间隔片和手机按键等.</div>",,0.15,,透明,-,薄膜_PET（聚酯),0.0,0,0,0,none
brand_ui_皇冠_4,皇冠（huangguan）,category_tape_pet_double,PET双面胶带DS31-7#,DS31-7075,DS31-7075,published,1,10,,耐温100℃。,,"<div data-oe-version=""2.0"">适用于薄膜开关间隔片和手机按键等.</div>",,0.175,,透明,-,薄膜_PET（聚酯),0.0,0,0,0,none
brand_ui_皇冠_4,皇冠（huangguan）,category_tape_pet_double,夹芯PET双面胶带,7075DT,7075DT,published,1,10,,,,,,0.175,,透明,-,薄膜_PET（聚酯),0.0,0,0,0,none
brand_ui_皇冠_4,皇冠（huangguan）,category_tape_pet_double,PET双面胶带DS31-7#,DS31-7100,DS31-7100,published,1,10,,耐温100℃。,,"<div data-oe-version=""2.0"">适用于薄膜开关间隔片和手机按键等.</div>",,0.2,,透明,-,薄膜_PET（聚酯),0.0,0,0,0,none
brand_ui_皇冠_4,皇冠（huangguan）,category_tape_pet_double,夹芯PET双面胶带,7100DT,7100DT,published,1,10,,,,,,0.2,,透明,-,薄膜_PET（聚酯),0.0,0,0,0,none
brand_ui_皇冠_4,皇冠（huangguan）,category_tape_pet_double,PET双面胶带DS31-7#,DS31-7125,DS31-7125,published,1,10,,耐温100℃。,,"<div data-oe-version=""2.0"">适用于薄膜开关间隔片和手机按键等.</div>",,0.225,,透明,-,薄膜_PET（聚酯),0.0,0,0,0,none
brand_ui_皇冠_4,皇冠（huangguan）,category_tape_pet_double,夹芯PET双面胶带,7125DT,7125DT,published,1,10,,,,,,0.225,,透明,-,薄膜_PET（聚酯),0.0,0,0,0,none
brand_ui_皇冠_4,皇冠（huangguan）,category_tape_pet_double,PET双面胶带DS31-7#,DS31-7175,DS31-7175,published,1,10,,耐温100℃。,,"<div data-oe-version=""2.0"">适用于薄膜开关间隔片和手机按键等.</div>",,0.275,,透明,-,薄膜_PET（聚酯),0.0,0,0,0,none
brand_ui_皇冠_4,皇冠（huangguan）,category_tape_pet_double,夹芯PET双面胶带,7175DT,7175DT,published,1,10,,,,,,0.275,,透明,-,薄膜_PET（聚酯),0.0,0,0,0,none
brand_ui_皇冠_4,皇冠（huangguan）,category_tape_pet_double,PET双面胶带DS31-7#,DS31-7188,DS31-7188,published,1,10,,耐温100℃。,,"<div data-oe-version=""2.0"">适用于薄膜开关间隔片和手机按键等.</div>",,0.288,,透明,-,薄膜_PET（聚酯),0.0,0,0,0,none
brand_ui_皇冠_4,皇冠（huangguan）,category_tape_pet_double,夹芯PET双面胶带,7188DT,7188DT,published,1,10,,,,,,0.288,,透明,-,薄膜_PET（聚酯),0.0,0,0,0,none
brand_ui_皇冠_4,皇冠（huangguan）,category_tape_pet_single,PET单面胶带,7025ST,7025ST,published,1,10,,,,,,0.75,,透明,-,薄膜_PET（聚酯),0.0,0,0,0,none
brand_ui_皇冠_4,皇冠（huangguan）,category_tape_pet_double,PET双面胶带,7050ST,7050ST,published,1,10,,,,"<div data-oe-version=""2.0"">双面带胶</div>",,0.1,,透明,-,薄膜_PET（聚酯),0.0,0,0,0,none
brand_ui_皇冠_4,皇冠（huangguan）,category_tape_pet_single,PET单面胶带,7075ST,7075ST,published,1,10,,,,,,0.125,,透明,-,薄膜_PET（聚酯),0.0,0,0,0,none
brand_ui_皇冠_4,皇冠（huangguan）,category_tape_pet_single,PET单面胶带,7100ST,7100ST,published,1,10,,,,,,0.15,,透明,-,薄膜_PET（聚酯),0.0,0,0,0,none
brand_ui_皇冠_4,皇冠（huangguan）,category_tape_pet_single,PET单面胶带,7125ST,7125ST,published,1,10,,,,,,0.175,,透明,-,薄膜_PET（聚酯),0.0,0,0,0,none
brand_ui_皇冠_4,皇冠（huangguan）,category_tape_pet_single,PET单面胶带,7175ST,7175ST,published,1,10,,,,,,0.225,,透明,-,薄膜_PET（聚酯),0.0,0,0,0,none
brand_ui_皇冠_4,皇冠（huangguan）,category_tape_pet_single,PET单面胶带,7188ST,7188ST,published,1,10,,,,,,0.238,,透明,-,薄膜_PET（聚酯),0.0,0,0,0,none
brand_ui_皇冠_4,皇冠（huangguan）,category_tape_foam,10倍黑色PE泡绵胶带 DP10#,DP1020B,DP1020B,published,1,10,,,,,,2,,黒色,-,泡棉_PE(聚乙烯）,0.0,0,0,0,none
brand_ui_皇冠_4,皇冠（huangguan）,category_tape_foam,10倍黑色PE泡绵胶带 DP10#,DP1010B,DP1010B,published,1,10,,,,,,1,,黒色,-,泡棉_PE(聚乙烯）,0.0,0,0,0,none
brand_ui_皇冠_4,皇冠（huangguan）,category_tape_foam,10倍黑色PE泡绵胶带 DP10#,DP1005B,DP1005B,published,1,10,,,,,,0.5,,黒色,-,泡棉_PE(聚乙烯）,0.0,0,0,0,none
brand_ui_皇冠_4,皇冠（huangguan）,category_tape_foam,10倍白色PE泡绵胶带 DP10#,DP1020W,DP1020W,published,1,10,,,白色,"<div data-oe-version=""2.0""><br></div>",,2,,白色,-,泡棉_PE(聚乙烯）,0.0,0,0,0,none
brand_ui_皇冠_4,皇冠（huangguan）,category_tape_foam,10倍白色PE泡绵胶带 DP10#,DP1010W,DP1010W,published,1,10,,,白色,"<div data-oe-version=""2.0""><br></div>",,1,,白色,-,泡棉_PE(聚乙烯）,0.0,0,0,0,none
brand_ui_皇冠_4,皇冠（huangguan）,category_tape_foam,10倍白色PE泡绵胶带 DP10#,DP1005W,DP1005W,published,1,10,,,白色,"<div data-oe-version=""2.0""><br></div>",,0.5,,白色,-,泡棉_PE(聚乙烯）,0.0,0,0,0,none
brand_ui_皇冠_4,皇冠（huangguan）,category_tape_foam,15倍黑色PE泡绵胶带 DP15#,DP1520B,DP1520B,published,1,10,,,,,,2,,黒色,-,泡棉_PE(聚乙烯）,0.0,0,0,0,none
brand_ui_皇冠_4,皇冠（huangguan）,category_tape_foam,15倍黑色PE泡绵胶带 DP15#,DP1510B,DP1510B,published,1,10,,,,,,1,,黒色,-,泡棉_PE(聚乙烯）,0.0,0,0,0,none
brand_ui_皇冠_4,皇冠（huangguan）,category_tape_foam,15倍黑色PE泡绵胶带 DP15#,DP1505B,DP1505B,published,1,10,,,,,,0.5,,黒色,-,泡棉_PE(聚乙烯）,0.0,0,0,0,none
brand_ui_皇冠_4,皇冠（huangguan）,category_tape_foam,15倍白色PE泡绵胶带  DP15#,DP1520W,DP1520W,published,1,10,,,,,,2,,白色,-,泡棉_PE(聚乙烯）,0.0,0,0,0,none
brand_ui_皇冠_4,皇冠（huangguan）,category_tape_foam,15倍白色PE泡绵胶带  DP15#,DP1510W,DP1510W,published,1,10,,,,,,1,,白色,-,泡棉_PE(聚乙烯）,0.0,0,0,0,none
brand_ui_皇冠_4,皇冠（huangguan）,category_tape_foam,15倍白色PE泡绵胶带  DP15#,DP1505W,DP1505W,published,1,10,,,,,,0.5,,白色,-,泡棉_PE(聚乙烯）,0.0,0,0,0,none
brand_ui_皇冠_4,皇冠（huangguan）,category_tape_pet_double,茶色PET双面胶带 (对标TESA),71972,71972,published,1,10,TESA51972,白、棕色格拉辛离型纸,,,"<div data-oe-version=""2.0""><font>厚度较薄，适用于手机铭牌、耳机/话筒附件的粘接；数码相机反光膜的固定；LCD反光片与背光膜组之间的固定。</font></div>",0.05,,茶色,-,薄膜_茶色PET,0.0,0,0,0,none
brand_ui_皇冠_4,皇冠（huangguan）,category_tape_pet_double,茶色PET双面胶带 (对标TESA),71980,71980,published,1,10,TESA51980,白、棕色格拉辛离型纸,,,"<div data-oe-version=""2.0""><font>良好的粘接力，适用于手机键盘、LCD框架的固定；数码相机按钮及硬质材料的固定；LCD前壳与LCD面板之间的固定。</font><br></div>",0.08,,茶色,-,薄膜_茶色PET,0.0,0,0,0,none
brand_ui_皇冠_4,皇冠（huangguan）,category_tape_pet_double,茶色PET双面胶带 (对标TESA),71982,71982,published,1,10,TESA51982,白、棕色格拉辛离型纸,,,"<div data-oe-version=""2.0""><font>对于一般较平滑的表面有很好的粘接强度，用于手机、LCD，适用于LCD背光膜组与底框之间的固定。</font><br></div>",0.1,,茶色,-,薄膜_茶色PET,0.0,0,0,0,none
brand_ui_皇冠_4,皇冠（huangguan）,category_tape_pet_double,茶色PET双面胶带 (对标TESA),71928,71928,published,1,10,TESA51928,白、棕色格拉辛离型纸,,,"<div data-oe-version=""2.0""><font>综合性能良好，并具有良好的抗剪切性及耐温性，适用于手机视窗/镜头的固定；数码相机LCD模块的固定；LCD背光膜组与底框之间的固定。</font></div>",0.125,,茶色,-,薄膜_茶色PET,0.0,0,0,0,none
brand_ui_皇冠_4,皇冠（huangguan）,category_tape_pet_double,茶色PET双面胶带 (对标TESA),71967,71967,published,1,10,"TESA51967,3M9795B",白、棕色格拉辛离型纸,,,"<div data-oe-version=""2.0""><font>优良的抗剪切强度和粘接强度，在苛刻的外力及温度条件下也能保证可靠的粘接效果，适用于手机视窗/镜头、电池仓的固定；数码相机橡胶片、内存卡、电池板的固定。</font></div>",0.16,,茶色,-,薄膜_茶色PET,0.0,0,0,0,none
brand_ui_皇冠_4,皇冠（huangguan）,category_tape_pet_double,茶色PET双面胶带 (对标TESA),71965,71965,published,1,10,TESA51965,白、棕色格拉辛离型纸,,,"<div data-oe-version=""2.0""><font>在高温和低温下都有良好的粘接力，对非极性材料有很高的粘接强度，适用于手机视窗/镜头、电池仓的固定；数码相机镜盖、橡胶片、内存卡的固定。</font></div>",0.205,,茶色,-,薄膜_茶色PET,0.0,0,0,0,none
brand_ui_皇冠_4,皇冠（huangguan）,category_tape_tissue,标牌棉纸双面胶带,DS311/PN,DS311/PN,published,1,10,永大、永一标牌贴产品,,,"<div data-oe-version=""2.0"">适用于薄膜开关间隔片和手机按键等，</div>",,0.11,,半透明,-,棉纸/无纺布,0.0,0,0,0,none
brand_ui_皇冠_4,皇冠（huangguan）,category_tape_tissue,标牌棉纸双面胶带,DS312/PN,DS312/PN,published,1,10,"永大、永一标牌贴产品,3M9448A",,,"<div data-oe-version=""2.0"">适用于薄膜开关间隔片和手机按键等，</div>",,0.13,,半透明,-,棉纸/无纺布,0.0,0,0,0,none
brand_ui_皇冠_4,皇冠（huangguan）,category_tape_tissue,标牌棉纸双面胶带,DS313/PN,DS313/PN,published,1,10,永大、永一标牌贴产品,,,"<div data-oe-version=""2.0"">适用于薄膜开关间隔片和手机按键等，</div>",,0.15,,半透明,-,棉纸/无纺布,0.0,0,0,0,none
brand_ui_皇冠_4,皇冠（huangguan）,category_tape_no_substrate,无基材双面胶带,DS768,DS768,published,1,10,3M468,无基材,,,,0.13,,透明,-,无基材,0.0,0,0,0,none
brand_ui_皇冠_4,皇冠（huangguan）,category_tape_pet_double,夹芯PET双面胶带 DS31-6#,DS31-6025DT,DS31-6025DT,published,1,10,,,,,,0.125,,透明,-,薄膜_PET（聚酯),0.0,0,0,0,none
brand_ui_皇冠_4,皇冠（huangguan）,category_tape_pet_double,夹芯PET双面胶带 DS31-6#,DS31-6050DT,DS31-6050DT,published,1,10,,,,,,0.15,,透明,-,薄膜_PET（聚酯),0.0,0,0,0,none
brand_ui_皇冠_4,皇冠（huangguan）,category_tape_pet_double,夹芯PET双面胶带 DS31-6#,DS31-6075DT,DS31-6075DT,published,1,10,,,,,,0.175,,透明,-,薄膜_PET（聚酯),0.0,0,0,0,none
brand_ui_皇冠_4,皇冠（huangguan）,category_tape_pet_double,夹芯PET双面胶带 DS31-6#,DS31-6100DT,DS31-6100DT,published,1,10,,,,,,0.2,,透明,-,薄膜_PET（聚酯),0.0,0,0,0,none
brand_ui_皇冠_4,皇冠（huangguan）,category_tape_pet_double,夹芯PET双面胶带 DS31-6#,DS31-6125DT,DS31-6125DT,published,1,10,,,,,,0.225,,透明,-,薄膜_PET（聚酯),0.0,0,0,0,none
brand_ui_皇冠_4,皇冠（huangguan）,category_tape_pet_double,夹芯PET双面胶带 DS31-6#,DS31-6175DT,DS31-6175DT,published,1,10,,,,,,0.275,,透明,-,薄膜_PET（聚酯),0.0,0,0,0,none
brand_ui_皇冠_4,皇冠（huangguan）,category_tape_pet_double,夹芯PET双面胶带 DS31-6#,DS31-6188DT,DS31-6188DT,published,1,10,,,,,,0.288,,透明,-,薄膜_PET（聚酯),0.0,0,0,0,none
brand_ui_皇冠_4,皇冠（huangguan）,category_tape_pet_double,夹芯PET双面胶带DS31-7#,DS31-7025DT,DS31-7025DT,published,1,10,,"耐温100℃
两面离型PET",,"<div data-oe-version=""2.0"">适用于薄膜开关间隔片和手机按键等.</div>",,0.125,,透明,-,薄膜_PET（聚酯),0.0,0,0,0,none
brand_ui_皇冠_4,皇冠（huangguan）,category_tape_pet_double,夹芯PET双面胶带DS31-7#,DS31-7050DT,DS31-7050DT,published,1,10,,"耐温100℃
两面离型PET",,"<div data-oe-version=""2.0"">适用于薄膜开关间隔片和手机按键等.</div>",,0.15,,透明,-,薄膜_PET（聚酯),0.0,0,0,0,none
brand_ui_皇冠_4,皇冠（huangguan）,category_tape_pet_double,夹芯PET双面胶带DS31-7#,DS31-7075DT,DS31-7075DT,published,1,10,,"耐温100℃
两面离型PET",,"<div data-oe-version=""2.0"">适用于薄膜开关间隔片和手机按键等.</div>",,0.175,,透明,-,薄膜_PET（聚酯),0.0,0,0,0,none
brand_ui_皇冠_4,皇冠（huangguan）,category_tape_pet_double,夹芯PET双面胶带DS31-7#,DS31-7100DT,DS31-7100DT,published,1,10,,"耐温100℃
两面离型PET",,"<div data-oe-version=""2.0"">适用于薄膜开关间隔片和手机按键等.</div>",,0.2,,透明,-,薄膜_PET（聚酯),0.0,0,0,0,none
brand_ui_皇冠_4,皇冠（huangguan）,category_tape_pet_double,夹芯PET双面胶带DS31-7#,DS31-7125DT,DS31-7125DT,published,1,10,,"耐温100℃
两面离型PET",,"<div data-oe-version=""2.0"">适用于薄膜开关间隔片和手机按键等.</div>",,0.225,,透明,-,薄膜_PET（聚酯),0.0,0,0,0,none
brand_ui_皇冠_4,皇冠（huangguan）,category_tape_pet_double,夹芯PET双面胶带DS31-7#,DS31-7175DT,DS31-7175DT,published,1,10,,"耐温100℃
两面离型PET",,"<div data-oe-version=""2.0"">适用于薄膜开关间隔片和手机按键等.</div>",,0.275,,透明,-,薄膜_PET（聚酯),0.0,0,0,0,none
brand_ui_皇冠_4,皇冠（huangguan）,category_tape_pet_double,夹芯PET双面胶带DS31-7#,DS31-7188DT,DS31-7188DT,published,1,10,,"耐温100℃
两面离型PET",,"<div data-oe-version=""2.0"">适用于薄膜开关间隔片和手机按键等.</div>",,0.288,,透明,-,薄膜_PET（聚酯),0.0,0,0,0,none
brand_tesa,Tesa,category_tape_tissue,tesa® 4961,tesa® 4961,4961,draft,1,10,,“硬”胶体系具有良好的抗剪切性能并能做到移除不残胶。,具有背衬纸的双面胶带。tesa® 4961由天然橡胶粘合剂和特殊背衬纸组成。,<p>可用于纸张和薄膜拼接；可粘接粗糙表面如磨砂盘；普通光滑表面粘接固定。</p>,,205 μm,,白色,天然橡胶,paper_平板纸,0.0,0,0,0,none
brand_tesa,Tesa,,,tesa 4963,4963,draft,1,10,,,,,,107 µm,,透明,天然橡胶,薄膜_PVC（聚氯乙烯）,0.0,0,0,0,none
brand_tesa,Tesa,category_tape_foam,496xx,tesa® 496xx 胶带 4965,4965,published,1,10,,天然橡胶双面胶带,适用于通用双面贴合和粗糙表面固定。,"<p data-oe-version=""2.0"">泡棉辅料贴合</p><p>一般工业固定.</p>",,,,黒色,天然橡胶,paper_平板纸,0.0,0,0,0,none
brand_tesa,Tesa,category_tape_foam,519xx,tesa® 519xx 胶带 51928,51928,published,1,10,,,,,,125 μm,,黒色,改性丙烯酸,薄膜_PET（聚酯),0.0,0,0,0,none
brand_tesa,Tesa,category_tape_foam,519xx,tesa® 519xx 胶带 51966,51966,published,1,10,,,,,,200 μm,,透明,丙烯酸,薄膜_PET（聚酯）生物基(生物碳),0.0,0,0,0,none
brand_tesa,Tesa,category_tape_foam,519xx,tesa® 519xx 胶带 51970,51970,published,1,10,,,,,,220 μm,,透明,改性丙烯酸,薄膜_PP（聚丙烯）,0.0,0,0,0,none
brand_tesa,Tesa,category_tape_foam,519xx,tesa® 519xx 胶带 51977,51977,published,1,10,,,,,,240 μm,,白色,改性丙烯酸,薄膜_PP（聚丙烯）,0.0,0,0,0,none
brand_tesa,Tesa,category_tape_foam,519xx,tesa® 519xx 胶带 51980,51980,published,1,10,,,,,,80 μm,,黒色,改性丙烯酸,薄膜_PET（聚酯),0.0,0,0,0,none
brand_tesa,Tesa,category_tape_foam,522xx,tesa® 522xx 胶带 52215,52215,published,1,10,,,,,,150 μm,,半透明,水性丙烯酸,棉纸/无纺布,0.0,0,0,0,none
brand_tesa,Tesa,category_tape_foam,583xx,tesa® 583xx 胶带 58323,58323,published,1,10,,,,,,75 μm,,半透明,改性丙烯酸,棉纸/无纺布,0.0,0,0,0,none
brand_tesa,Tesa,category_tape_foam,583xx,tesa® 583xx 胶带 58332,58332,published,1,10,,,,,,50 μm,,透明,改性丙烯酸,薄膜_PET（聚酯),0.0,0,0,0,none
brand_tesa,Tesa,category_tape_foam,583xx,tesa® 583xx 胶带 58334,58334,published,1,10,,,,,,100 μm,,透明,改性丙烯酸,薄膜_PET（聚酯),0.0,0,0,0,none
brand_tesa,Tesa,category_tape_foam,583xx,tesa® 583xx 胶带 58360,58360,published,1,10,,,,,,50 μm,,透明,改性丙烯酸,薄膜_PET（聚酯),0.0,0,0,0,none
brand_tesa,Tesa,category_tape_foam,583xx,tesa® 583xx 胶带 58364,58364,published,1,10,,,,,,200 μm,,透明,改性丙烯酸,薄膜_PET（聚酯),0.0,0,0,0,none
brand_tesa,Tesa,category_tape_foam,583xx,tesa® 583xx 胶带 58372,58372,published,1,10,,,,,,50 μm,,半透明,改性丙烯酸,薄膜_PET（聚酯),0.0,0,0,0,none
brand_tesa,Tesa,category_tape_foam,583xx,tesa® 583xx 胶带 58374,58374,published,1,10,,,,,,100 μm,,透明,改性丙烯酸,薄膜_PET（聚酯),0.0,0,0,0,none
brand_tesa,Tesa,category_tape_tissue,tesa® 58375,tesa® 58375,58375,draft,1,10,,满足UL94 VTM-0级别阻燃等级；针对不平整表面有优异的服帖性；优异的长期耐久性和抗老化性能；符合RoHS、REACH环保标准；不含卤素。,130µm无纺布基材阻燃双面胶带。tesa® 58375是一款半透明PET无纺布基材的阻燃双面胶带，厚度130µm，服帖性优异。本产品专为动力电池装配中严苛的贴合固定应用开发，阻燃性能可满足新能源汽车动力电池应用需求。,<p>动力电池系统中的各类有阻燃需求的零部件贴合固定（如加热片固定等）。</p>,,130μm,,半透明,改性丙烯酸,棉纸/无纺布,0.0,0,0,0,none
brand_tesa,Tesa,category_tape_foam,609xx,tesa® 609xx 胶带 60975,60975,published,1,10,,,,,,100 μm,,半透明,改性丙烯酸,棉纸/无纺布,0.0,0,0,0,none
brand_tesa,Tesa,category_tape_foam,609xx,tesa® 609xx 胶带 60977,60977,published,1,10,,,,,,140μm,,半透明,改性丙烯酸,棉纸/无纺布,0.0,0,0,0,none
brand_tesa,Tesa,category_tape_foam,609xx,tesa® 609xx 胶带 60978,60978,published,1,10,,,,,,160μm,,半透明,改性丙烯酸,棉纸/无纺布,0.0,0,0,0,none
brand_tesa,Tesa,category_tape_foam,609xx,tesa® 609xx 胶带 60980,60980,published,1,10,,,,,,140 μm,,半透明,改性丙烯酸,棉纸/无纺布,0.0,0,0,0,none
brand_tesa,Tesa,category_tape_foam,610xx,tesa® 610xx 胶带 61055,61055,published,1,10,,,,,,300 μm,,黒色,改性丙烯酸,泡棉_Acrylic foam(丙烯酸泡棉）,0.0,0,0,0,none
brand_tesa,Tesa,category_tape_foam,610xx,tesa® 610xx 胶带 61086,61086,published,1,10,,,,,,300 μm,,黒色,改性丙烯酸,泡棉_Acrylic foam(丙烯酸泡棉）,0.0,0,0,0,none
brand_tesa,Tesa,category_tape_foam,610xx,tesa® 610xx 胶带 61087,61087,published,1,10,,,,,,350 μm,,黒色,改性丙烯酸,泡棉_Acrylic foam(丙烯酸泡棉）,0.0,0,0,0,none
brand_tesa,Tesa,category_tape_foam,610xx,tesa® 610xx 胶带 61088,61088,published,1,10,,,,,,400 μm,,黒色,改性丙烯酸,泡棉_Acrylic foam(丙烯酸泡棉）,0.0,0,0,0,none
brand_tesa,Tesa,category_tape_foam,612xx,tesa® 612xx 胶带 61210,61210,published,1,10,,,,,,100 μm,,黒色,特殊,薄膜_PET（聚酯),0.0,0,0,0,none
brand_tesa,Tesa,category_tape_foam,612xx,tesa® 612xx 胶带 61220,61220,published,1,10,,,,,,200 μm,,黒色,特殊,薄膜_PET（聚酯),0.0,0,0,0,none
brand_tesa,Tesa,category_tape_foam,613xx,tesa® 613xx 胶带 61325,61325,published,1,10,,,,,,250 μm,,黒色,改性丙烯酸,薄膜_PET（聚酯),0.0,0,0,0,none
brand_tesa,Tesa,category_tape_foam,613xx,tesa® 613xx 胶带 61335,61335,published,1,10,,,,,,200 μm,,黒色,改性丙烯酸,薄膜_PET（聚酯),0.0,0,0,0,none
brand_tesa,Tesa,category_tape_foam,613xx,tesa® 613xx 胶带 61360,61360,published,1,10,,,,,,100 μm,,透明,改性丙烯酸,薄膜_PET（聚酯),0.0,0,0,0,none
brand_tesa,Tesa,category_tape_foam,613xx,tesa® 613xx 胶带 61365,61365,published,1,10,,,,,,100 μm,,黒色,改性丙烯酸,薄膜_PET（聚酯),0.0,0,0,0,none
brand_tesa,Tesa,category_tape_foam,613xx,tesa® 613xx 胶带 61370,61370,published,1,10,,,,,,125 μm,,透明,改性丙烯酸,薄膜_PET（聚酯),0.0,0,0,0,none
brand_tesa,Tesa,category_tape_foam,613xx,tesa® 613xx 胶带 61385,61385,published,1,10,,,,,,150 μm,,黒色,改性丙烯酸,薄膜_PET（聚酯),0.0,0,0,0,none
brand_tesa,Tesa,category_tape_foam,613xx,tesa® 613xx 胶带 61390,61390,published,1,10,,,,,,200 μm,,透明,改性丙烯酸,薄膜_PET（聚酯),0.0,0,0,0,none
brand_tesa,Tesa,category_tape_foam,618xx,tesa® 618xx 胶带 61865,61865,published,1,10,,,,,,100 μm,,黒色,改性丙烯酸,薄膜_PET（聚酯),0.0,0,0,0,none
brand_tesa,Tesa,category_tape_foam,618xx,tesa® 618xx 胶带 61885,61885,published,1,10,,,,,,150 μm,,黒色,改性丙烯酸,薄膜_PET（聚酯),0.0,0,0,0,none
brand_tesa,Tesa,category_tape_foam,619xx,tesa® 619xx 胶带 61970,61970,published,1,10,,,,,,220 μm,,透明,改性丙烯酸,薄膜_PP（聚丙烯）,0.0,0,0,0,none
brand_tesa,Tesa,category_tape_foam,6262x,tesa® 6262x 胶带 62624,62624,published,1,10,,,,,,200 μm,,黒色,改性丙烯酸,泡棉_PE(聚乙烯）,0.0,0,0,0,none
brand_tesa,Tesa,category_tape_foam,6262x,tesa® 6262x 胶带 62625,62625,published,1,10,,,,,,250 μm,,黒色,改性丙烯酸,泡棉_PE(聚乙烯）,0.0,0,0,0,none
brand_tesa,Tesa,category_tape_foam,6262x,tesa® 6262x 胶带 62626,62626,published,1,10,,,,,,300 μm,,黒色,改性丙烯酸,泡棉_PE(聚乙烯）,0.0,0,0,0,none
brand_tesa,Tesa,category_tape_foam,649xx,tesa® 649xx 胶带 64908,64908,published,1,10,,,,,,800 μm,,黒色,丙烯酸,泡棉_PE(聚乙烯）,0.0,0,0,0,none
brand_tesa,Tesa,category_tape_foam,649xx,tesa® 649xx 胶带 64912,64912,published,1,10,,,,,,1200 μm,,黒色,特殊,泡棉_PE(聚乙烯）,0.0,0,0,0,none
brand_tesa,Tesa,category_tape_foam,660xx,tesa® 660xx 胶带 66022,66022,published,1,10,,,,,,220μm,,透明,水性丙烯酸,薄膜_PET网格,0.0,0,0,0,none
brand_tesa,Tesa,category_tape_foam,661xx,tesa® 661xx 胶带 66186,66186,published,1,10,,,,,,300 μm,,黒色,改性丙烯酸,泡棉_PE(聚乙烯）,0.0,0,0,0,none
brand_tesa,Tesa,category_tape_foam,668xx,tesa® 668xx 胶带 66822,66822,published,1,10,,,,,,150 μm,,黒色,改性丙烯酸,泡棉_PE(聚乙烯）,0.0,0,0,0,none
brand_tesa,Tesa,category_tape_foam,668xx,tesa® 668xx 胶带 66824,66824,published,1,10,,,,,,200 μm,,黒色,改性丙烯酸,泡棉_PE(聚乙烯）,0.0,0,0,0,none
brand_tesa,Tesa,category_tape_foam,668xx,tesa® 668xx 胶带 66825,66825,published,1,10,,,,,,250 μm,,黒色,改性丙烯酸,泡棉_PE(聚乙烯）,0.0,0,0,0,none
brand_tesa,Tesa,category_tape_foam,668xx,tesa® 668xx 胶带 66826,66826,published,1,10,,,,,,300 μm,,黒色,改性丙烯酸,泡棉_PE(聚乙烯）,0.0,0,0,0,none
brand_tesa,Tesa,category_tape_foam,668xx,tesa® 668xx 胶带 66828,66828,published,1,10,,,,,,400 μm,,黒色,改性丙烯酸,泡棉_PE(聚乙烯）,0.0,0,0,0,none
brand_tesa,Tesa,category_tape_foam,668xx,tesa® 668xx 胶带 66866,66866,published,1,10,,,,,,300 μm,,白色,改性丙烯酸,泡棉_PE(聚乙烯）,0.0,0,0,0,none
brand_tesa,Tesa,category_tape_foam,669xx,tesa® 669xx 胶带 66932,66932,published,1,10,,,,,,50 μm,,透明,改性丙烯酸,薄膜_PET（聚酯),0.0,0,0,0,none
brand_tesa,Tesa,category_tape_foam,669xx,tesa® 669xx 胶带 66934,66934,published,1,10,,,,,,100 μm,,透明,改性丙烯酸,薄膜_PET（聚酯),0.0,0,0,0,none
brand_tesa,Tesa,category_tape_foam,686xx,tesa® 686xx 胶带 68618,68618,published,1,10,,,,,,150μm,,透明,改性丙烯酸,棉纸/无纺布,0.0,0,0,0,none
brand_tesa,Tesa,category_tape_foam,686xx,tesa® 686xx 胶带 68646,68646,published,1,10,,,,,,140 μm,,半透明,改性丙烯酸,棉纸/无纺布,0.0,0,0,0,none
brand_tesa,Tesa,category_tape_foam,688xx,tesa® 688xx 胶带 68878,68878,published,1,10,,,,,,150 μm,,透明,丙烯酸,薄膜_PET（聚酯),0.0,0,0,0,none
brand_tesa,Tesa,category_tape_foam,688xx,tesa® 688xx 胶带 68879,68879,published,1,10,,,,,,200 μm,,透明,丙烯酸,薄膜_PET（聚酯),0.0,0,0,0,none
brand_tesa,Tesa,category_tape_pet_double,tesa 6928,125μm双面透明薄膜胶带,6928,published,1,10,,"优异的静态剪切力和剥离力性能平衡
轻型包装的安全封闭性能
高温下对不同泡棉及橡胶等严苛表面具有强大粘接性能
高初粘力，立即固定于被粘表面",tesa® 6928 是透明的双面自粘胶带，由 PET 基材和改性丙烯酸胶粘剂组成，采用便于移除的助剥设计离型纸。,"<p>轻型信封和纸箱的封闭
汽车行业中 ABS 塑料部件的固定
家具行业中装饰型材和装饰线条的固定</p>",<p>纸离型纸；离型纸厚度 69 µm；离型纸重量 80 g/m²；离型纸颜色 棕色。</p>,125.0,,透明,改性丙烯酸,薄膜_PET（聚酯),0.0,0,0,0,none
brand_tesa,Tesa,category_tape_foam,704xx,tesa® 704xx 胶带 70415,70415,published,1,10,,,,,,150 μm,,白色,特殊,,0.0,0,0,0,none
brand_tesa,Tesa,category_tape_foam,704xx,tesa® 704xx 胶带 70425,70425,published,1,10,,,,,,250 μm,,白色,特殊,,0.0,0,0,0,none
brand_tesa,Tesa,category_tape_foam,704xx,tesa® 704xx 胶带 70499,70499,published,1,10,,,,,,1000 μm,,白色,特殊,,0.0,0,0,0,none
brand_tesa,Tesa,category_tape_foam,706xx,tesa® 706xx 胶带 70615,70615,published,1,10,,,,,,150 μm,,黒色,特殊,,0.0,0,0,0,none
brand_tesa,Tesa,category_tape_foam,706xx,tesa® 706xx 胶带 70620,70620,published,1,10,,,,,,200 μm,,黒色,特殊,,0.0,0,0,0,none
brand_tesa,Tesa,category_tape_foam,706xx,tesa® 706xx 胶带 70625,70625,published,1,10,,,,,,250 μm,,黒色,特殊,,0.0,0,0,0,none
brand_tesa,Tesa,category_tape_foam,706xx,tesa® 706xx 胶带 70630,70630,published,1,10,,,,,,300 μm,,黒色,特殊,,0.0,0,0,0,none
brand_tesa,Tesa,category_tape_foam,706xx,tesa® 706xx 胶带 70640,70640,published,1,10,,,,,,400 μm,,黒色,特殊,,0.0,0,0,0,none
brand_tesa,Tesa,category_tape_foam,706xx,tesa® 706xx 胶带 70680,70680,published,1,10,,,,,,800 μm,,黒色,特殊,,0.0,0,0,0,none
brand_tesa,Tesa,category_tape_foam,706xx,tesa® 706xx 胶带 70697,70697,published,1,10,,,,,,1300 μm,,黒色,特殊,,0.0,0,0,0,none
brand_tesa,Tesa,category_tape_foam,706xx,tesa® 706xx 胶带 70699,70699,published,1,10,,,,,,1000 μm,,黒色,特殊,,0.0,0,0,0,none
brand_tesa,Tesa,category_tape_foam,751xx,tesa® 751xx 胶带 75120,75120,published,1,10,,,,,,200 μm,,黒色,改性丙烯酸,泡棉_Acrylic foam(丙烯酸泡棉）,0.0,0,0,0,none
brand_tesa,Tesa,category_tape_foam,751xx,tesa® 751xx 胶带 75125,75125,published,1,10,,,,,,250 μm,,黒色,改性丙烯酸,泡棉_Acrylic foam(丙烯酸泡棉）,0.0,0,0,0,none
brand_tesa,Tesa,category_tape_foam,751xx,tesa® 751xx 胶带 75130,75130,published,1,10,,,,,,300 μm,,黒色,改性丙烯酸,泡棉_Acrylic foam(丙烯酸泡棉）,0.0,0,0,0,none
brand_tesa,Tesa,category_tape_foam,754xx/756xx,tesa® 754xx/756xx 胶带 75405,75405,published,1,10,,,,,,50 μm,,黒色,改性丙烯酸,泡棉_Acrylic foam(丙烯酸泡棉）,0.0,0,0,0,none
brand_tesa,Tesa,category_tape_foam,754xx/756xx,tesa® 754xx/756xx 胶带 75410,75410,published,1,10,,,,,,100 μm,,黒色,改性丙烯酸,泡棉_PE(聚乙烯）,0.0,0,0,0,none
brand_tesa,Tesa,category_tape_foam,754xx/756xx,tesa® 754xx/756xx 胶带 75415,75415,published,1,10,,,,,,150μm,,黒色,改性丙烯酸,泡棉_Acrylic foam(丙烯酸泡棉）,0.0,0,0,0,none
brand_tesa,Tesa,category_tape_foam,754xx/756xx,tesa® 754xx/756xx 胶带 75620,75620,published,1,10,,,,,,200 μm,,黒色,改性丙烯酸,泡棉_Acrylic foam(丙烯酸泡棉）,0.0,0,0,0,none
brand_tesa,Tesa,category_tape_foam,754xx/756xx,tesa® 754xx/756xx 胶带 75625,75625,published,1,10,,,,,,250 μm,,黒色,改性丙烯酸,泡棉_Acrylic foam(丙烯酸泡棉）,0.0,0,0,0,none
brand_tesa,Tesa,category_tape_foam,754xx/756xx,tesa® 754xx/756xx 胶带 75630,75630,published,1,10,,,,,,300 μm,,黒色,改性丙烯酸,泡棉_Acrylic foam(丙烯酸泡棉）,0.0,0,0,0,none
brand_tesa,Tesa,category_tape_foam,754xx/756xx,tesa® 754xx/756xx 胶带 75635,75635,published,1,10,,,,,,350 μm,,黒色,改性丙烯酸,泡棉_Acrylic foam(丙烯酸泡棉）,0.0,0,0,0,none
brand_tesa,Tesa,category_tape_foam,754xx/756xx,tesa® 754xx/756xx 胶带 75640,75640,published,1,10,,,,,,400 μm,,黒色,改性丙烯酸,泡棉_Acrylic foam(丙烯酸泡棉）,0.0,0,0,0,none
brand_tesa,Tesa,category_tape_foam,754xx/756xx,tesa® 754xx/756xx 胶带 75645,75645,published,1,10,,,,,,450 μm,,黒色,改性丙烯酸,泡棉_Acrylic foam(丙烯酸泡棉）,0.0,0,0,0,none
brand_tesa,Tesa,category_tape_foam,754xx/756xx,tesa® 754xx/756xx 胶带 75650,75650,published,1,10,,,,,,500 μm,,黒色,改性丙烯酸,泡棉_Acrylic foam(丙烯酸泡棉）,0.0,0,0,0,none
brand_tesa,Tesa,category_tape_foam,757xx,tesa® 757xx 胶带 75710,75710,published,1,10,,,,,,100 μm,,黒色,改性丙烯酸,薄膜_PET（聚酯),0.0,0,0,0,none
brand_tesa,Tesa,category_tape_foam,757xx,tesa® 757xx 胶带 75715,75715,published,1,10,,,,,,150 μm,,黒色,改性丙烯酸,薄膜_PETP,0.0,0,0,0,none
brand_tesa,Tesa,category_tape_foam,757xx,tesa® 757xx 胶带 75720,75720,published,1,10,,,,,,200μm,,黒色,改性丙烯酸,薄膜_PETP,0.0,0,0,0,none
brand_tesa,Tesa,category_tape_foam,757xx,tesa® 757xx 胶带 75725,75725,published,1,10,,,,,,250 μm,,黒色,改性丙烯酸,薄膜_PETP,0.0,0,0,0,none
brand_tesa,Tesa,category_tape_foam,757xx,tesa® 757xx 胶带 75730,75730,published,1,10,,,,,,300μm,,黒色,改性丙烯酸,薄膜_PETP,0.0,0,0,0,none
brand_tesa,Tesa,category_tape_foam,757xx,tesa® 757xx 胶带 75743,75743,published,1,10,,,,,,200 μm,,白色,改性丙烯酸,薄膜_PET（聚酯),0.0,0,0,0,none
brand_tesa,Tesa,category_tape_foam,760xx,tesa® 760xx 胶带 76010,76010,published,1,10,,,,,,100 μm,,黒色,改性丙烯酸,,0.0,0,0,0,none
brand_tesa,Tesa,category_tape_foam,761xx,tesa® 761xx 胶带 76115,76115,published,1,10,,,,,,150 μm,,黒色,特殊,薄膜_PETP,0.0,0,0,0,none
brand_tesa,Tesa,category_tape_foam,769xx,tesa® 769xx 胶带 76925,76925,published,1,10,,,,,,250 μm,,黒色,特殊,,0.0,0,0,0,none
brand_tesa,Tesa,category_tape_foam,772xx,tesa® 772xx 胶带 77210,77210,published,1,10,,,,,,1000 μm,,灰色,丙烯酸,泡棉_Acrylic foam(丙烯酸泡棉）,0.0,0,0,0,none
brand_tesa,Tesa,category_tape_foam,778xx,tesa® 778xx 胶带 77811,77811,published,1,10,,,,,,1100 μm,,灰色,丙烯酸,泡棉_Acrylic foam(丙烯酸泡棉）,0.0,0,0,0,none
brand_tesa,Tesa,category_tape_foam,778xx,tesa® 778xx 胶带 77815,77815,published,1,10,,,,,,1500 μm,,灰色,丙烯酸,泡棉_Acrylic foam(丙烯酸泡棉）,0.0,0,0,0,none
brand_tesa,Tesa,,8854,tesa 8854,8854,draft,1,10,,,,,,100 μm,,半透明,改性丙烯酸,棉纸/无纺布,0.0,0,0,0,none
brand_tesa,Tesa,category_tape_foam,886xx,tesa® 886xx 胶带 88641,88641,published,1,10,,,,,,100 μm,,半透明,改性丙烯酸,棉纸/无纺布,0.0,0,0,0,none
brand_tesa,Tesa,category_tape_foam,886xx,tesa® 886xx 胶带 88644,88644,published,1,10,,,,,,160 μm,,半透明,改性丙烯酸,棉纸/无纺布,0.0,0,0,0,none
brand_tesa,Tesa,category_tape_foam,886xx,tesa® 886xx 胶带 88645,88645,published,1,10,,,,,,120 μm,,半透明,改性丙烯酸,棉纸/无纺布,0.0,0,0,0,none
brand_tesa,Tesa,category_tape_foam,886xx,tesa® 886xx 胶带 88648,88648,published,1,10,,,,,,160 μm,,半透明,改性丙烯酸,棉纸/无纺布,0.0,0,0,0,none
brand_tesa,Tesa,category_tape_foam,886xx,tesa® 886xx 胶带 88656,88656,published,1,10,,,,,,140 μm,,半透明,阻燃丙烯酸,棉纸/无纺布,0.0,0,0,0,none
brand_tesa,Tesa,category_tape_foam,886xx,tesa® 886xx 胶带 88663,88663,published,1,10,,,,,,150 μm,,透明,改性丙烯酸,薄膜_PET（聚酯),0.0,0,0,0,none
brand_tesa,Tesa,category_tape_foam,921xx,tesa® 921xx 胶带 92111,92111,published,1,10,,,,,,1100 μm,,黒色,performance polymer foam,,0.0,0,0,0,none
brand_tesa,Tesa,category_tape_foam,498xx,tesa® 498xx 胶带 4982,4982,published,1,10,,高粘双面PET胶带,适用于薄型双面贴合与结构固定。,<p>铭牌固定</p><p>塑胶件双面贴合</p>,,100 μm,,透明,改性丙烯酸,薄膜_PET（聚酯),0.0,0,0,0,none
brand_tesa,Tesa,,,tesa 4980,4980,draft,1,10,,,,,,80 µm,,透明,改性丙烯酸,薄膜_PET（聚酯),0.0,0,0,0,none
,3M,,3M GT7100 Series,3M Acrylic Foam Tape GT7102,GT7102,draft,1,10,,"Provides final adhesion and holding power to automotive paints and substrates
Meets a number of OEM specifications
Follows shrinkage and elongation of plastic parts caused by temperature change and has good stress relaxation properties
Viscoelastic core conforms well to complex geometries and delivers excellent wet out
Demonstrates excellent adhesive performance at various temperature conditions
Offers solvent and high temperature resistance in a variety of weather conditions
['Provides final adhesion and holding power to automotive paints and substrates', 'Meets a number of OEM specifications', 'Follows the shrinkage and elongation of the plastic part caused by temperature change and has good stress relaxation properties', 'Stress relaxation characteristics of the viscoelastic core allow the tape to conform well to complex geometries and deliver excellent wet out', 'Demonstrates excellent adhesive performance at various temperature conditions', 'Excels in a variety of weather conditions and offers solvent and high temperature resistance']","3M Acrylic Foam Tape GT7100 Series offers very good adhesion performance and high flexibility. These tapes are specifically designed for the attachment of automotive exterior and interior trim applications.
3M Acrylic Foam Tape GT7100 Series offers very good adhesion performance and high flexibility. These tapes are specifically designed for the attachment of automotive exterior and interior trim applications.","<p>Attachment of automotive exterior trim
Attachment of automotive interior trim</p>","<div data-oe-version=""2.0""><p>红色半透明聚乙烯离型膜；离型膜厚度不计入总厚度。</p></div>",0.2 mm,,灰色,丙烯酸,泡棉_Acrylic foam(丙烯酸泡棉）,0.0,0,0,0,none
,3M,category_tape_foam,3M Die-Cuttable Tape DC2000,3M DC2005,DC2005,draft,1,10,,"1. 对油漆面和镀铬表面具有良好粘接力。
2. 泡棉芯材较硬，抗扭转能力强，适合字母徽标类贴合。
3. 低温冲击表现较好。
4. 适用于高速旋转模切、平刀模切和激光模切。
5. 可选 SC2 白色高密度聚乙烯离型膜或 PET 透明聚酯离型膜。
6. 建议在 4°C-38°C、0-95%RH 环境储存，最佳储存条件为 22°C、50%RH。
7. 拔脱测试表明其适用于带突缘或开口结构的铭牌件固定。
8. 扭矩测试表明其可用于承受一定扭转载荷的徽标与装饰件粘接。",3M DC2000 系列是一款黑色丙烯酸泡棉双面胶，主要用于汽车外饰铭牌、徽标和标识件固定，兼顾模切加工适配性与抗扯脱、抗扭转能力。,"<p data-oe-version=""2.0"">适用于汽车外饰铭牌、徽章、标识件，以及部分以机械固定为主的低载荷应用，例如轻量 A 柱饰板、局部密封和需要胶带兼作垫片的尾翼应用。</p><p><img class=""img-fluid"" data-file-name=""image.png"" src=""/web/image/1106-50886dde/image.png?access_token=feb8b683-51e9-4023-a05f-b8980d057896""></p><p><span data-embedded=""file"" class=""o_file_box o-contenteditable-false"" data-embedded-props='{""fileData"":{""access_token"":""b95f7df8-f054-48f7-bb4a-b3b415e69194"",""checksum"":""fdfd65eecc9e580ec86e474dabecf69c58842662"",""extension"":""pdf"",""filename"":""3M DC2000.pdf"",""id"":1238,""mimetype"":""application/pdf"",""name"":""3M DC2000.pdf"",""type"":""binary"",""url"":""""}}'></span></p>",,0.51 +/- 0.075 mm,,黒色,丙烯酸,泡棉_Acrylic foam(丙烯酸泡棉）,0.0,0,0,0,none
,3M,category_tape_foam,3M Die-Cuttable Tape DC2000,3M DC2008,DC2008,draft,1,10,,"1. 对油漆面和镀铬表面具有良好粘接力。
2. 泡棉芯材较硬，抗扭转能力强，适合字母徽标类贴合。
3. 低温冲击表现较好。
4. 适用于高速旋转模切、平刀模切和激光模切。
5. 可选 SC2 白色高密度聚乙烯离型膜或 PET 透明聚酯离型膜。
6. 建议在 4°C-38°C、0-95%RH 环境储存，最佳储存条件为 22°C、50%RH。
7. 拔脱测试表明其适用于带突缘或开口结构的铭牌件固定。
8. 扭矩测试表明其可用于承受一定扭转载荷的徽标与装饰件粘接。",3M DC2000 系列是一款黑色丙烯酸泡棉双面胶，主要用于汽车外饰铭牌、徽标和标识件固定，兼顾模切加工适配性与抗扯脱、抗扭转能力。,"<p data-oe-version=""2.0"">适用于汽车外饰铭牌、徽章、标识件，以及部分以机械固定为主的低载荷应用，例如轻量 A 柱饰板、局部密封和需要胶带兼作垫片的尾翼应用。</p><p><img class=""img-fluid"" data-file-name=""image.png"" src=""/web/image/1106-50886dde/image.png?access_token=feb8b683-51e9-4023-a05f-b8980d057896""></p><p><span data-embedded=""file"" class=""o_file_box o-contenteditable-false"" data-embedded-props='{""fileData"":{""access_token"":""b95f7df8-f054-48f7-bb4a-b3b415e69194"",""checksum"":""fdfd65eecc9e580ec86e474dabecf69c58842662"",""extension"":""pdf"",""filename"":""3M DC2000.pdf"",""id"":1238,""mimetype"":""application/pdf"",""name"":""3M DC2000.pdf"",""type"":""binary"",""url"":""""}}'></span></p>",,0.76 +/- 0.102 mm,,黒色,丙烯酸,泡棉_Acrylic foam(丙烯酸泡棉）,0.0,0,0,0,none
,3M,category_tape_foam,3M Die-Cuttable Tape DC2000,3M DC2011,DC2011,draft,1,10,,"1. 对油漆面和镀铬表面具有良好粘接力。
2. 泡棉芯材较硬，抗扭转能力强，适合字母徽标类贴合。
3. 低温冲击表现较好。
4. 适用于高速旋转模切、平刀模切和激光模切。
5. 可选 SC2 白色高密度聚乙烯离型膜或 PET 透明聚酯离型膜。
6. 建议在 4°C-38°C、0-95%RH 环境储存，最佳储存条件为 22°C、50%RH。
7. 拔脱测试表明其适用于带突缘或开口结构的铭牌件固定。
8. 扭矩测试表明其可用于承受一定扭转载荷的徽标与装饰件粘接。",3M DC2000 系列是一款黑色丙烯酸泡棉双面胶，主要用于汽车外饰铭牌、徽标和标识件固定，兼顾模切加工适配性与抗扯脱、抗扭转能力。,"<p data-oe-version=""2.0"">适用于汽车外饰铭牌、徽章、标识件，以及部分以机械固定为主的低载荷应用，例如轻量 A 柱饰板、局部密封和需要胶带兼作垫片的尾翼应用。</p><p><img class=""img-fluid"" data-file-name=""image.png"" src=""/web/image/1106-50886dde/image.png?access_token=feb8b683-51e9-4023-a05f-b8980d057896""></p><p><span data-embedded=""file"" class=""o_file_box o-contenteditable-false"" data-embedded-props='{""fileData"":{""access_token"":""b95f7df8-f054-48f7-bb4a-b3b415e69194"",""checksum"":""fdfd65eecc9e580ec86e474dabecf69c58842662"",""extension"":""pdf"",""filename"":""3M DC2000.pdf"",""id"":1238,""mimetype"":""application/pdf"",""name"":""3M DC2000.pdf"",""type"":""binary"",""url"":""""}}'></span></p>",,1.14 +/- 0.12 mm,,黒色,丙烯酸,泡棉_Acrylic foam(丙烯酸泡棉）,0.0,0,0,0,none
,3M,category_tape_foam,3M Die-Cuttable Tape DC2000,3M DC2015,DC2015,draft,1,10,,"1. 对油漆面和镀铬表面具有良好粘接力。
2. 泡棉芯材较硬，抗扭转能力强，适合字母徽标类贴合。
3. 低温冲击表现较好。
4. 适用于高速旋转模切、平刀模切和激光模切。
5. 可选 SC2 白色高密度聚乙烯离型膜或 PET 透明聚酯离型膜。
6. 建议在 4°C-38°C、0-95%RH 环境储存，最佳储存条件为 22°C、50%RH。
7. 拔脱测试表明其适用于带突缘或开口结构的铭牌件固定。
8. 扭矩测试表明其可用于承受一定扭转载荷的徽标与装饰件粘接。",3M DC2000 系列是一款黑色丙烯酸泡棉双面胶，主要用于汽车外饰铭牌、徽标和标识件固定，兼顾模切加工适配性与抗扯脱、抗扭转能力。,"<p data-oe-version=""2.0"">适用于汽车外饰铭牌、徽章、标识件，以及部分以机械固定为主的低载荷应用，例如轻量 A 柱饰板、局部密封和需要胶带兼作垫片的尾翼应用。</p><p><img class=""img-fluid"" data-file-name=""image.png"" src=""/web/image/1106-50886dde/image.png?access_token=feb8b683-51e9-4023-a05f-b8980d057896""></p><p><span data-embedded=""file"" class=""o_file_box o-contenteditable-false"" data-embedded-props='{""fileData"":{""access_token"":""b95f7df8-f054-48f7-bb4a-b3b415e69194"",""checksum"":""fdfd65eecc9e580ec86e474dabecf69c58842662"",""extension"":""pdf"",""filename"":""3M DC2000.pdf"",""id"":1238,""mimetype"":""application/pdf"",""name"":""3M DC2000.pdf"",""type"":""binary"",""url"":""""}}'></span></p>",,1.52 +/- 0.012 mm,,黒色,丙烯酸,泡棉_Acrylic foam(丙烯酸泡棉）,0.0,0,0,0,none
,3M,,3M Conformable Bonding Tape,3M Conformable Bonding Tape BT3005,BT3005,draft,1,10,,"Excellent initial adhesion and static performance on uneven substrates
Highly conformable tape for sealing and bonding to rough or irregular surfaces
Demonstrates good visibility due to its light blue color
Excellent adhesion performance with weather resistance, heat resistance, and chemical resistance
Can be applied to various substrates used for automotive parts without special surface treatment","Offers very good adhesion performance and high flexibility. Specially designed for rough or highly irregular surfaces, providing strong adhesion for automotive wire harness assembly and excellent conformability for sealing applications. Offers reduced VOCs compared to conventional products.","<p>Sealing support for various interior part attachments
Sealing support for various exterior part attachments
Bonding support for various interior part attachments
Bonding support for various exterior part attachments
Fixing wire harnesses to the headliner</p>",<p>在部分基材（如 EPDM 橡胶）上使用时，可能需要配合底涂剂。</p>,0.5 mm,,浅蓝色,丙烯酸,棉纸/无纺布,0.0,0,0,0,none
,3M,category_tape_foam,3M VHB LSE系列,3M LSE060,LSE060,published,1,10,,"100%丙烯酸胶粘剂构成
100%闭孔泡棉结构
独特的结构设计，兼顾强度与贴服性
优异耐老化与耐候性
防水密封可达IPX7
易于模切，适合多种照明结构件设计",特别针对低表面能表面设计，适用于PP、TPE、TPO等低表面能材料。,"<div data-oe-version=""2.0""><ul><li>硅胶灯带背胶</li><li>户外灯饰背胶</li><li>LED灯带结构粘接</li><li>小夜灯固定</li><li>LED扩散板粘接</li><li>植物灯结构粘接</li></ul></div>",,0.6,,白色,丙烯酸,泡棉_Acrylic foam(丙烯酸泡棉）,0.0,0,0,0,none
,3M,category_tape_foam,3M VHB LSE系列,3M LSE110,LSE110,published,1,10,,"100%丙烯酸胶粘剂构成
100%闭孔泡棉结构
独特的结构设计，兼顾强度与贴服性
优异耐老化与耐候性
防水密封可达IPX7
易于模切，适合多种照明结构件设计",特别针对低表面能表面设计，适用于PP、TPE、TPO等低表面能材料。,"<div data-oe-version=""2.0""><ul><li>硅胶灯带背胶</li><li>户外灯饰背胶</li><li>LED灯带结构粘接</li><li>小夜灯固定</li><li>LED扩散板粘接</li><li>植物灯结构粘接</li></ul></div>",,1.0,,白色,丙烯酸,泡棉_Acrylic foam(丙烯酸泡棉）,0.0,0,0,0,none
,3M,category_tape_foam,3M VHB LSE系列,3M LSE160,LSE160,published,1,10,,"100%丙烯酸胶粘剂构成
100%闭孔泡棉结构
独特的结构设计，兼顾强度与贴服性
优异耐老化与耐候性
防水密封可达IPX7
易于模切，适合多种照明结构件设计",特别针对低表面能表面设计，适用于PP、TPE、TPO等低表面能材料。,"<div data-oe-version=""2.0""><ul><li>硅胶灯带背胶</li><li>户外灯饰背胶</li><li>LED灯带结构粘接</li><li>小夜灯固定</li><li>LED扩散板粘接</li><li>植物灯结构粘接</li></ul></div>",,1.6,,白色,丙烯酸,泡棉_Acrylic foam(丙烯酸泡棉）,0.0,0,0,0,none
,3M,category_tape_foam,3M VHB LVO系列,3M LVO-060BF,LVO-060BF,published,1,10,,"100%丙烯酸胶粘剂构成
100%闭孔泡棉结构
独特的结构设计，兼顾强度与贴服性
优异耐老化与耐候性
防水密封可达IPX7
易于模切，适合多种照明结构件设计",低VOC、低气味VHB泡棉胶带，适用于高中低表面能材料，耐温性能好并具FDA认证。,"<div data-oe-version=""2.0""><ul><li>硅胶灯带背胶</li><li>户外灯饰背胶</li><li>LED灯带结构粘接</li><li>小夜灯固定</li><li>LED扩散板粘接</li><li>植物灯结构粘接</li></ul></div>",,0.6,,黒色,丙烯酸,泡棉_Acrylic foam(丙烯酸泡棉）,0.0,0,0,0,none
,3M,category_tape_foam,3M VHB LVO系列,3M LVO-110BF,LVO-110BF,published,1,10,,"100%丙烯酸胶粘剂构成
100%闭孔泡棉结构
独特的结构设计，兼顾强度与贴服性
优异耐老化与耐候性
防水密封可达IPX7
易于模切，适合多种照明结构件设计",低VOC、低气味VHB泡棉胶带，适用于高中低表面能材料，耐温性能好并具FDA认证。,"<div data-oe-version=""2.0""><ul><li>硅胶灯带背胶</li><li>户外灯饰背胶</li><li>LED灯带结构粘接</li><li>小夜灯固定</li><li>LED扩散板粘接</li><li>植物灯结构粘接</li></ul></div>",,1.1,,黒色,丙烯酸,泡棉_Acrylic foam(丙烯酸泡棉）,0.0,0,0,0,none
,3M,category_tape_foam,3M VHB LVO系列,3M LVO-160BF,LVO-160BF,published,1,10,,"100%丙烯酸胶粘剂构成
100%闭孔泡棉结构
独特的结构设计，兼顾强度与贴服性
优异耐老化与耐候性
防水密封可达IPX7
易于模切，适合多种照明结构件设计",低VOC、低气味VHB泡棉胶带，适用于高中低表面能材料，耐温性能好并具FDA认证。,"<div data-oe-version=""2.0""><ul><li>硅胶灯带背胶</li><li>户外灯饰背胶</li><li>LED灯带结构粘接</li><li>小夜灯固定</li><li>LED扩散板粘接</li><li>植物灯结构粘接</li></ul></div>",,1.6,,黒色,丙烯酸,泡棉_Acrylic foam(丙烯酸泡棉）,0.0,0,0,0,none
,3M,category_tape_foam,3M VHB 4941系列,3M 4926,4926,published,1,10,,"100%丙烯酸胶粘剂构成
100%闭孔泡棉结构
独特的结构设计，兼顾强度与贴服性
优异耐老化与耐候性
防水密封可达IPX7
易于模切，适合多种照明结构件设计",贴服性好，具有出色粘接强度，适合高与中高表面，耐增塑剂并通过UL746C。,"<div data-oe-version=""2.0""><ul><li>硅胶灯带背胶</li><li>户外灯饰背胶</li><li>LED灯带结构粘接</li><li>小夜灯固定</li><li>LED扩散板粘接</li><li>植物灯结构粘接</li></ul></div>",,0.4,,灰色,丙烯酸,泡棉_Acrylic foam(丙烯酸泡棉）,0.0,0,0,0,none
,3M,category_tape_foam,3M VHB 4941系列,3M 4936,4936,published,1,10,,"100%丙烯酸胶粘剂构成
100%闭孔泡棉结构
独特的结构设计，兼顾强度与贴服性
优异耐老化与耐候性
防水密封可达IPX7
易于模切，适合多种照明结构件设计",贴服性好，具有出色粘接强度，适合高与中高表面，耐增塑剂并通过UL746C。,"<div data-oe-version=""2.0""><ul><li>硅胶灯带背胶</li><li>户外灯饰背胶</li><li>LED灯带结构粘接</li><li>小夜灯固定</li><li>LED扩散板粘接</li><li>植物灯结构粘接</li></ul></div>",,0.6,,灰色,丙烯酸,泡棉_Acrylic foam(丙烯酸泡棉）,0.0,0,0,0,none
,3M,category_tape_foam,3M VHB 4941系列,3M 4941,4941,published,1,10,,"100%丙烯酸胶粘剂构成
100%闭孔泡棉结构
独特的结构设计，兼顾强度与贴服性
优异耐老化与耐候性
防水密封可达IPX7
易于模切，适合多种照明结构件设计",贴服性好，具有出色粘接强度，适合高与中高表面，耐增塑剂并通过UL746C。,"<div data-oe-version=""2.0""><ul><li>硅胶灯带背胶</li><li>户外灯饰背胶</li><li>LED灯带结构粘接</li><li>小夜灯固定</li><li>LED扩散板粘接</li><li>植物灯结构粘接</li></ul></div>",,1.1,,灰色,丙烯酸,泡棉_Acrylic foam(丙烯酸泡棉）,0.0,0,0,0,none
,3M,category_tape_foam,3M VHB 4941系列,3M 4956,4956,published,1,10,,"100%丙烯酸胶粘剂构成
100%闭孔泡棉结构
独特的结构设计，兼顾强度与贴服性
优异耐老化与耐候性
防水密封可达IPX7
易于模切，适合多种照明结构件设计",贴服性好，具有出色粘接强度，适合高与中高表面，耐增塑剂并通过UL746C。,"<div data-oe-version=""2.0""><ul><li>硅胶灯带背胶</li><li>户外灯饰背胶</li><li>LED灯带结构粘接</li><li>小夜灯固定</li><li>LED扩散板粘接</li><li>植物灯结构粘接</li></ul></div>",,1.6,,灰色,丙烯酸,泡棉_Acrylic foam(丙烯酸泡棉）,0.0,0,0,0,none
,3M,category_tape_foam,3M VHB 4941系列,3M 4991,4991,published,1,10,,"100%丙烯酸胶粘剂构成
100%闭孔泡棉结构
独特的结构设计，兼顾强度与贴服性
优异耐老化与耐候性
防水密封可达IPX7
易于模切，适合多种照明结构件设计",贴服性好，具有出色粘接强度，适合高与中高表面，耐增塑剂并通过UL746C。,"<div data-oe-version=""2.0""><ul><li>硅胶灯带背胶</li><li>户外灯饰背胶</li><li>LED灯带结构粘接</li><li>小夜灯固定</li><li>LED扩散板粘接</li><li>植物灯结构粘接</li></ul></div>",,2.3,,灰色,丙烯酸,泡棉_Acrylic foam(丙烯酸泡棉）,0.0,0,0,0,none
,3M,category_tape_foam,3M VHB 5952系列,3M 5915,5915,published,1,10,,"100%丙烯酸胶粘剂构成
100%闭孔泡棉结构
独特的结构设计，兼顾强度与贴服性
优异耐老化与耐候性
防水密封可达IPX7
易于模切，适合多种照明结构件设计",泡棉更柔软、贴服性佳，适合高中高表面能及多种喷涂表面的粘接，并通过UL746C。,"<div data-oe-version=""2.0""><ul><li>硅胶灯带背胶</li><li>户外灯饰背胶</li><li>LED灯带结构粘接</li><li>小夜灯固定</li><li>LED扩散板粘接</li><li>植物灯结构粘接</li></ul></div>",,0.4,,黒色,丙烯酸,泡棉_Acrylic foam(丙烯酸泡棉）,0.0,0,0,0,none
,3M,category_tape_foam,3M VHB 5952系列,3M 5925,5925,published,1,10,,"100%丙烯酸胶粘剂构成
100%闭孔泡棉结构
独特的结构设计，兼顾强度与贴服性
优异耐老化与耐候性
防水密封可达IPX7
易于模切，适合多种照明结构件设计",泡棉更柔软、贴服性佳，适合高中高表面能及多种喷涂表面的粘接，并通过UL746C。,"<div data-oe-version=""2.0""><ul><li>硅胶灯带背胶</li><li>户外灯饰背胶</li><li>LED灯带结构粘接</li><li>小夜灯固定</li><li>LED扩散板粘接</li><li>植物灯结构粘接</li></ul></div>",,0.6,,黒色,丙烯酸,泡棉_Acrylic foam(丙烯酸泡棉）,0.0,0,0,0,none
,3M,category_tape_foam,3M VHB 5952系列,3M 5930,5930,published,1,10,,"100%丙烯酸胶粘剂构成
100%闭孔泡棉结构
独特的结构设计，兼顾强度与贴服性
优异耐老化与耐候性
防水密封可达IPX7
易于模切，适合多种照明结构件设计",泡棉更柔软、贴服性佳，适合高中高表面能及多种喷涂表面的粘接，并通过UL746C。,"<div data-oe-version=""2.0""><ul><li>硅胶灯带背胶</li><li>户外灯饰背胶</li><li>LED灯带结构粘接</li><li>小夜灯固定</li><li>LED扩散板粘接</li><li>植物灯结构粘接</li></ul></div>",,0.8,,黒色,丙烯酸,泡棉_Acrylic foam(丙烯酸泡棉）,0.0,0,0,0,none
,3M,category_tape_foam,3M VHB 5952系列,3M 5952,5952,published,1,10,,"100%丙烯酸胶粘剂构成
100%闭孔泡棉结构
独特的结构设计，兼顾强度与贴服性
优异耐老化与耐候性
防水密封可达IPX7
易于模切，适合多种照明结构件设计",泡棉更柔软、贴服性佳，适合高中高表面能及多种喷涂表面的粘接，并通过UL746C。,"<div data-oe-version=""2.0""><ul><li>硅胶灯带背胶</li><li>户外灯饰背胶</li><li>LED灯带结构粘接</li><li>小夜灯固定</li><li>LED扩散板粘接</li><li>植物灯结构粘接</li></ul></div>",,1.1,,黒色,丙烯酸,泡棉_Acrylic foam(丙烯酸泡棉）,0.0,0,0,0,none
,3M,category_tape_foam,3M VHB 5952系列,3M 5962,5962,published,1,10,,"100%丙烯酸胶粘剂构成
100%闭孔泡棉结构
独特的结构设计，兼顾强度与贴服性
优异耐老化与耐候性
防水密封可达IPX7
易于模切，适合多种照明结构件设计",泡棉更柔软、贴服性佳，适合高中高表面能及多种喷涂表面的粘接，并通过UL746C。,"<div data-oe-version=""2.0""><ul><li>硅胶灯带背胶</li><li>户外灯饰背胶</li><li>LED灯带结构粘接</li><li>小夜灯固定</li><li>LED扩散板粘接</li><li>植物灯结构粘接</li></ul></div>",,1.6,,黒色,丙烯酸,泡棉_Acrylic foam(丙烯酸泡棉）,0.0,0,0,0,none
,3M,category_tape_foam,3M VHB 4910系列,3M 4905,4905,published,1,10,,"100%丙烯酸胶粘剂构成
100%闭孔泡棉结构
 独特的结构设计，兼顾强度与贴服性
优异耐老化与耐候性
防水密封可达IPX7
易于模切，适合多种照明结构件设计",透明VHB胶带，适用于有透明粘接需求的照明与结构固定场景。,"<div data-oe-version=""2.0""><ul><li>硅胶灯带背胶</li><li>户外灯饰背胶</li><li>LED灯带结构粘接</li><li>小夜灯固定</li><li>LED扩散板粘接</li><li>植物灯结构粘接</li></ul><div><span data-embedded=""file"" class=""o_file_box o-contenteditable-false"" data-embedded-props='{""fileData"":{""access_token"":""2af4d788-9b0e-4929-a03f-6e4edb0a0bcd"",""checksum"":""d2fe9de7c7d89028a40252b8d0d59e595f047640"",""extension"":""pdf"",""filename"":""iatd-lighting-applications-brochure（照明手册）.pdf"",""id"":1324,""mimetype"":""application/pdf"",""name"":""iatd-lighting-applications-brochure（照明手册）.pdf"",""type"":""binary"",""url"":""""}}'></span></div></div>",,0.5,,透明,丙烯酸,泡棉_Acrylic foam(丙烯酸泡棉）,0.0,0,0,0,none
,3M,category_tape_foam,3M VHB 4910系列,3M 4910,4910,published,1,10,,"100%丙烯酸胶粘剂构成
100%闭孔泡棉结构
 独特的结构设计，兼顾强度与贴服性
优异耐老化与耐候性
防水密封可达IPX7
易于模切，适合多种照明结构件设计",透明VHB胶带，适用于有透明粘接需求的照明与结构固定场景。,"<div data-oe-version=""2.0""><ul><li>硅胶灯带背胶</li><li>户外灯饰背胶</li><li>LED灯带结构粘接</li><li>小夜灯固定</li><li>LED扩散板粘接</li><li>植物灯结构粘接</li></ul><div><span data-embedded=""file"" class=""o_file_box o-contenteditable-false"" data-embedded-props='{""fileData"":{""access_token"":""2af4d788-9b0e-4929-a03f-6e4edb0a0bcd"",""checksum"":""d2fe9de7c7d89028a40252b8d0d59e595f047640"",""extension"":""pdf"",""filename"":""iatd-lighting-applications-brochure（照明手册）.pdf"",""id"":1324,""mimetype"":""application/pdf"",""name"":""iatd-lighting-applications-brochure（照明手册）.pdf"",""type"":""binary"",""url"":""""}}'></span></div></div>",,1.0,,透明,丙烯酸,泡棉_Acrylic foam(丙烯酸泡棉）,0.0,0,0,0,none
,3M,category_tape_foam,3M VHB 4910系列,3M 4915,4915,published,1,10,,"100%丙烯酸胶粘剂构成
100%闭孔泡棉结构
 独特的结构设计，兼顾强度与贴服性
优异耐老化与耐候性
防水密封可达IPX7
易于模切，适合多种照明结构件设计",透明VHB胶带，适用于有透明粘接需求的照明与结构固定场景。,"<div data-oe-version=""2.0""><ul><li>硅胶灯带背胶</li><li>户外灯饰背胶</li><li>LED灯带结构粘接</li><li>小夜灯固定</li><li>LED扩散板粘接</li><li>植物灯结构粘接</li></ul><div><span data-embedded=""file"" class=""o_file_box o-contenteditable-false"" data-embedded-props='{""fileData"":{""access_token"":""2af4d788-9b0e-4929-a03f-6e4edb0a0bcd"",""checksum"":""d2fe9de7c7d89028a40252b8d0d59e595f047640"",""extension"":""pdf"",""filename"":""iatd-lighting-applications-brochure（照明手册）.pdf"",""id"":1324,""mimetype"":""application/pdf"",""name"":""iatd-lighting-applications-brochure（照明手册）.pdf"",""type"":""binary"",""url"":""""}}'></span></div></div>",,1.5,,透明,丙烯酸,泡棉_Acrylic foam(丙烯酸泡棉）,0.0,0,0,0,none
,3M,category_tape_foam,3M VHB 4910系列,3M 4918,4918,published,1,10,,"100%丙烯酸胶粘剂构成
100%闭孔泡棉结构
 独特的结构设计，兼顾强度与贴服性
优异耐老化与耐候性
防水密封可达IPX7
易于模切，适合多种照明结构件设计",透明VHB胶带，适用于有透明粘接需求的照明与结构固定场景。,"<div data-oe-version=""2.0""><ul><li>硅胶灯带背胶</li><li>户外灯饰背胶</li><li>LED灯带结构粘接</li><li>小夜灯固定</li><li>LED扩散板粘接</li><li>植物灯结构粘接</li></ul><div><span data-embedded=""file"" class=""o_file_box o-contenteditable-false"" data-embedded-props='{""fileData"":{""access_token"":""2af4d788-9b0e-4929-a03f-6e4edb0a0bcd"",""checksum"":""d2fe9de7c7d89028a40252b8d0d59e595f047640"",""extension"":""pdf"",""filename"":""iatd-lighting-applications-brochure（照明手册）.pdf"",""id"":1324,""mimetype"":""application/pdf"",""name"":""iatd-lighting-applications-brochure（照明手册）.pdf"",""type"":""binary"",""url"":""""}}'></span></div></div>",,2.0,,透明,丙烯酸,泡棉_Acrylic foam(丙烯酸泡棉）,0.0,0,0,0,none
,3M,category_tape_foam,3M VHB RP+系列,3M RP+040,RP+040,published,1,10,,"100%丙烯酸胶粘剂构成
100%闭孔泡棉结构
独特的结构设计，兼顾强度与贴服性
优异耐老化与耐候性
防水密封可达IPX7
易于模切，适合多种照明结构件设计",兼顾粘接强度、耐候性和耐温性，适合多种中高表面能材料结构粘接。,"<div data-oe-version=""2.0""><ul><li>硅胶灯带背胶</li><li>户外灯饰背胶</li><li>LED灯带结构粘接</li><li>小夜灯固定</li><li>LED扩散板粘接</li><li>植物灯结构粘接</li></ul></div>",,0.4,,灰色,丙烯酸,泡棉_Acrylic foam(丙烯酸泡棉）,0.0,0,0,0,none
,3M,category_tape_foam,3M VHB RP+系列,3M RP+060,RP+060,published,1,10,,"100%丙烯酸胶粘剂构成
100%闭孔泡棉结构
独特的结构设计，兼顾强度与贴服性
优异耐老化与耐候性
防水密封可达IPX7
易于模切，适合多种照明结构件设计",兼顾粘接强度、耐候性和耐温性，适合多种中高表面能材料结构粘接。,"<div data-oe-version=""2.0""><ul><li>硅胶灯带背胶</li><li>户外灯饰背胶</li><li>LED灯带结构粘接</li><li>小夜灯固定</li><li>LED扩散板粘接</li><li>植物灯结构粘接</li></ul></div>",,0.6,,灰色,丙烯酸,泡棉_Acrylic foam(丙烯酸泡棉）,0.0,0,0,0,none
,3M,category_tape_foam,3M VHB RP+系列,3M RP+080,RP+080,published,1,10,,"100%丙烯酸胶粘剂构成
100%闭孔泡棉结构
独特的结构设计，兼顾强度与贴服性
优异耐老化与耐候性
防水密封可达IPX7
易于模切，适合多种照明结构件设计",兼顾粘接强度、耐候性和耐温性，适合多种中高表面能材料结构粘接。,"<div data-oe-version=""2.0""><ul><li>硅胶灯带背胶</li><li>户外灯饰背胶</li><li>LED灯带结构粘接</li><li>小夜灯固定</li><li>LED扩散板粘接</li><li>植物灯结构粘接</li></ul></div>",,0.8,,灰色,丙烯酸,泡棉_Acrylic foam(丙烯酸泡棉）,0.0,0,0,0,none
,3M,category_tape_foam,3M VHB RP+系列,3M RP+110,RP+110,published,1,10,,"100%丙烯酸胶粘剂构成
100%闭孔泡棉结构
独特的结构设计，兼顾强度与贴服性
优异耐老化与耐候性
防水密封可达IPX7
易于模切，适合多种照明结构件设计",兼顾粘接强度、耐候性和耐温性，适合多种中高表面能材料结构粘接。,"<div data-oe-version=""2.0""><ul><li>硅胶灯带背胶</li><li>户外灯饰背胶</li><li>LED灯带结构粘接</li><li>小夜灯固定</li><li>LED扩散板粘接</li><li>植物灯结构粘接</li></ul></div>",,1.1,,灰色,丙烯酸,泡棉_Acrylic foam(丙烯酸泡棉）,0.0,0,0,0,none
,3M,category_tape_foam,3M VHB RP+系列,3M RP+160,RP+160,published,1,10,,"100%丙烯酸胶粘剂构成
100%闭孔泡棉结构
独特的结构设计，兼顾强度与贴服性
优异耐老化与耐候性
防水密封可达IPX7
易于模切，适合多种照明结构件设计",兼顾粘接强度、耐候性和耐温性，适合多种中高表面能材料结构粘接。,"<div data-oe-version=""2.0""><ul><li>硅胶灯带背胶</li><li>户外灯饰背胶</li><li>LED灯带结构粘接</li><li>小夜灯固定</li><li>LED扩散板粘接</li><li>植物灯结构粘接</li></ul></div>",,1.6,,灰色,丙烯酸,泡棉_Acrylic foam(丙烯酸泡棉）,0.0,0,0,0,none
,3M,category_tape_foam,3M VHB RP+系列,3M RP+230,RP+230,published,1,10,,"100%丙烯酸胶粘剂构成
100%闭孔泡棉结构
独特的结构设计，兼顾强度与贴服性
优异耐老化与耐候性
防水密封可达IPX7
易于模切，适合多种照明结构件设计",兼顾粘接强度、耐候性和耐温性，适合多种中高表面能材料结构粘接。,"<div data-oe-version=""2.0""><ul><li>硅胶灯带背胶</li><li>户外灯饰背胶</li><li>LED灯带结构粘接</li><li>小夜灯固定</li><li>LED扩散板粘接</li><li>植物灯结构粘接</li></ul></div>",,2.3,,灰色,丙烯酸,泡棉_Acrylic foam(丙烯酸泡棉）,0.0,0,0,0,none
,3M,category_tape_foam,3M VHB GPH系列,3M GPH060,GPH060,published,1,10,,"100%丙烯酸胶粘剂构成
100%闭孔泡棉结构
独特的结构设计，兼顾强度与贴服性
优异耐老化与耐候性
防水密封可达IPX7
易于模切，适合多种照明结构件设计",适用于多种金属、塑料、涂层等基材，耐高温性能较好，适合粉末喷涂预贴合与高温应用。,"<div data-oe-version=""2.0""><ul><li>硅胶灯带背胶</li><li>户外灯饰背胶</li><li>LED灯带结构粘接</li><li>小夜灯固定</li><li>LED扩散板粘接</li><li>植物灯结构粘接</li></ul></div>",,0.6,,灰色,丙烯酸,泡棉_Acrylic foam(丙烯酸泡棉）,0.0,0,0,0,none
,3M,category_tape_foam,3M VHB GPH系列,3M GPH110,GPH110,published,1,10,,"100%丙烯酸胶粘剂构成
100%闭孔泡棉结构
独特的结构设计，兼顾强度与贴服性
优异耐老化与耐候性
防水密封可达IPX7
易于模切，适合多种照明结构件设计",适用于多种金属、塑料、涂层等基材，耐高温性能较好，适合粉末喷涂预贴合与高温应用。,"<div data-oe-version=""2.0""><ul><li>硅胶灯带背胶</li><li>户外灯饰背胶</li><li>LED灯带结构粘接</li><li>小夜灯固定</li><li>LED扩散板粘接</li><li>植物灯结构粘接</li></ul></div>",,1.1,,灰色,丙烯酸,泡棉_Acrylic foam(丙烯酸泡棉）,0.0,0,0,0,none
,3M,category_tape_foam,3M VHB GPH系列,3M GPH160,GPH160,published,1,10,,"100%丙烯酸胶粘剂构成
100%闭孔泡棉结构
独特的结构设计，兼顾强度与贴服性
优异耐老化与耐候性
防水密封可达IPX7
易于模切，适合多种照明结构件设计",适用于多种金属、塑料、涂层等基材，耐高温性能较好，适合粉末喷涂预贴合与高温应用。,"<div data-oe-version=""2.0""><ul><li>硅胶灯带背胶</li><li>户外灯饰背胶</li><li>LED灯带结构粘接</li><li>小夜灯固定</li><li>LED扩散板粘接</li><li>植物灯结构粘接</li></ul></div>",,1.6,,灰色,丙烯酸,泡棉_Acrylic foam(丙烯酸泡棉）,0.0,0,0,0,none
,3M,category_tape_foam,3M VHB 4950系列,3M 4914,4914,published,1,10,,"100%丙烯酸胶粘剂构成
100%闭孔泡棉结构
独特的结构设计，兼顾强度与贴服性
优异耐老化与耐候性
防水密封可达IPX7
易于模切，适合多种照明结构件设计",适合金属、玻璃、涂层及多种易粘接塑料表面，粘接强度高，并通过UL746C。,"<div data-oe-version=""2.0""><ul><li>硅胶灯带背胶</li><li>户外灯饰背胶</li><li>LED灯带结构粘接</li><li>小夜灯固定</li><li>LED扩散板粘接</li><li>植物灯结构粘接</li></ul></div>",,0.25,,白色,丙烯酸,泡棉_Acrylic foam(丙烯酸泡棉）,0.0,0,0,0,none
,3M,category_tape_foam,3M VHB 4950系列,3M 4920,4920,published,1,10,,"100%丙烯酸胶粘剂构成
100%闭孔泡棉结构
独特的结构设计，兼顾强度与贴服性
优异耐老化与耐候性
防水密封可达IPX7
易于模切，适合多种照明结构件设计",适合金属、玻璃、涂层及多种易粘接塑料表面，粘接强度高，并通过UL746C。,"<div data-oe-version=""2.0""><ul><li>硅胶灯带背胶</li><li>户外灯饰背胶</li><li>LED灯带结构粘接</li><li>小夜灯固定</li><li>LED扩散板粘接</li><li>植物灯结构粘接</li></ul></div>",,0.4,,白色,丙烯酸,泡棉_Acrylic foam(丙烯酸泡棉）,0.0,0,0,0,none
,3M,category_tape_foam,3M VHB 4950系列,3M 4930,4930,published,1,10,,"100%丙烯酸胶粘剂构成
100%闭孔泡棉结构
独特的结构设计，兼顾强度与贴服性
优异耐老化与耐候性
防水密封可达IPX7
易于模切，适合多种照明结构件设计",适合金属、玻璃、涂层及多种易粘接塑料表面，粘接强度高，并通过UL746C。,"<div data-oe-version=""2.0""><ul><li>硅胶灯带背胶</li><li>户外灯饰背胶</li><li>LED灯带结构粘接</li><li>小夜灯固定</li><li>LED扩散板粘接</li><li>植物灯结构粘接</li></ul></div>",,0.8,,白色,丙烯酸,泡棉_Acrylic foam(丙烯酸泡棉）,0.0,0,0,0,none
,3M,category_tape_foam,3M VHB 4950系列,3M 4950,4950,published,1,10,,"100%丙烯酸胶粘剂构成
100%闭孔泡棉结构
独特的结构设计，兼顾强度与贴服性
优异耐老化与耐候性
防水密封可达IPX7
易于模切，适合多种照明结构件设计",适合金属、玻璃、涂层及多种易粘接塑料表面，粘接强度高，并通过UL746C。,"<div data-oe-version=""2.0""><ul><li>硅胶灯带背胶</li><li>户外灯饰背胶</li><li>LED灯带结构粘接</li><li>小夜灯固定</li><li>LED扩散板粘接</li><li>植物灯结构粘接</li></ul></div>",,1.1,,白色,丙烯酸,泡棉_Acrylic foam(丙烯酸泡棉）,0.0,0,0,0,none
,3M,category_tape_foam,3M VHB GPL系列,3M GPL040,GPL040,published,1,10,,"100%丙烯酸胶粘剂构成
100%闭孔泡棉结构
独特的结构设计，兼顾强度与贴服性
优异耐老化与耐候性
防水密封可达IPX7
易于模切，适合多种照明结构件设计",泡棉较柔软、贴服性好，适用于多种中高表面能材料，同时具备良好初粘与低温操作性能，并通过UL746C。,"<div data-oe-version=""2.0""><ul><li>硅胶灯带背胶</li><li>户外灯饰背胶</li><li>LED灯带结构粘接</li><li>小夜灯固定</li><li>LED扩散板粘接</li><li>植物灯结构粘接</li></ul></div>",,0.4,,灰色,丙烯酸,泡棉_Acrylic foam(丙烯酸泡棉）,0.0,0,0,0,none
,3M,category_tape_foam,3M VHB GPL系列,3M GPL060,GPL060,published,1,10,,"100%丙烯酸胶粘剂构成
100%闭孔泡棉结构
独特的结构设计，兼顾强度与贴服性
优异耐老化与耐候性
防水密封可达IPX7
易于模切，适合多种照明结构件设计",泡棉较柔软、贴服性好，适用于多种中高表面能材料，同时具备良好初粘与低温操作性能，并通过UL746C。,"<div data-oe-version=""2.0""><ul><li>硅胶灯带背胶</li><li>户外灯饰背胶</li><li>LED灯带结构粘接</li><li>小夜灯固定</li><li>LED扩散板粘接</li><li>植物灯结构粘接</li></ul></div>",,0.6,,灰色,丙烯酸,泡棉_Acrylic foam(丙烯酸泡棉）,0.0,0,0,0,none
,3M,category_tape_foam,3M VHB GPL系列,3M GPL080,GPL080,published,1,10,,"100%丙烯酸胶粘剂构成
100%闭孔泡棉结构
独特的结构设计，兼顾强度与贴服性
优异耐老化与耐候性
防水密封可达IPX7
易于模切，适合多种照明结构件设计",泡棉较柔软、贴服性好，适用于多种中高表面能材料，同时具备良好初粘与低温操作性能，并通过UL746C。,"<div data-oe-version=""2.0""><ul><li>硅胶灯带背胶</li><li>户外灯饰背胶</li><li>LED灯带结构粘接</li><li>小夜灯固定</li><li>LED扩散板粘接</li><li>植物灯结构粘接</li></ul></div>",,0.8,,灰色,丙烯酸,泡棉_Acrylic foam(丙烯酸泡棉）,0.0,0,0,0,none
,3M,category_tape_foam,3M VHB GPL系列,3M GPL110,GPL110,published,1,10,,"100%丙烯酸胶粘剂构成
100%闭孔泡棉结构
独特的结构设计，兼顾强度与贴服性
优异耐老化与耐候性
防水密封可达IPX7
易于模切，适合多种照明结构件设计",泡棉较柔软、贴服性好，适用于多种中高表面能材料，同时具备良好初粘与低温操作性能，并通过UL746C。,"<div data-oe-version=""2.0""><ul><li>硅胶灯带背胶</li><li>户外灯饰背胶</li><li>LED灯带结构粘接</li><li>小夜灯固定</li><li>LED扩散板粘接</li><li>植物灯结构粘接</li></ul></div>",,1.1,,灰色,丙烯酸,泡棉_Acrylic foam(丙烯酸泡棉）,0.0,0,0,0,none
,3M,category_tape_foam,3M VHB GPL系列,3M GPL160,GPL160,published,1,10,,"100%丙烯酸胶粘剂构成
100%闭孔泡棉结构
独特的结构设计，兼顾强度与贴服性
优异耐老化与耐候性
防水密封可达IPX7
易于模切，适合多种照明结构件设计",泡棉较柔软、贴服性好，适用于多种中高表面能材料，同时具备良好初粘与低温操作性能，并通过UL746C。,"<div data-oe-version=""2.0""><ul><li>硅胶灯带背胶</li><li>户外灯饰背胶</li><li>LED灯带结构粘接</li><li>小夜灯固定</li><li>LED扩散板粘接</li><li>植物灯结构粘接</li></ul></div>",,1.6,,灰色,丙烯酸,泡棉_Acrylic foam(丙烯酸泡棉）,0.0,0,0,0,none
,3M,category_tape_foam,3M VHB GPL系列,3M GPL200,GPL200,published,1,10,,"100%丙烯酸胶粘剂构成
100%闭孔泡棉结构
独特的结构设计，兼顾强度与贴服性
优异耐老化与耐候性
防水密封可达IPX7
易于模切，适合多种照明结构件设计",泡棉较柔软、贴服性好，适用于多种中高表面能材料，同时具备良好初粘与低温操作性能，并通过UL746C。,"<div data-oe-version=""2.0""><ul><li>硅胶灯带背胶</li><li>户外灯饰背胶</li><li>LED灯带结构粘接</li><li>小夜灯固定</li><li>LED扩散板粘接</li><li>植物灯结构粘接</li></ul></div>",,2.0,,灰色,丙烯酸,泡棉_Acrylic foam(丙烯酸泡棉）,0.0,0,0,0,none
,3M,category_tape_foam,3M VHB 5611系列,3M 5604,5604,published,1,10,,"100%丙烯酸胶粘剂构成
100%闭孔泡棉结构
独特的结构设计，兼顾强度与贴服性
优异耐老化与耐候性
防水密封可达IPX7
易于模切，适合多种照明结构件设计
",对金属及中高表面能材料具有较高粘接力，耐温性好，兼具较高性价比。,"<div data-oe-version=""2.0""><ul><li>硅胶灯带背胶</li><li>户外灯饰背胶</li><li>LED灯带结构粘接</li><li>小夜灯固定</li><li>LED扩散板粘接</li><li>植物灯结构粘接</li></ul><div><img class=""img-fluid"" data-file-name=""image.png"" src=""/web/image/1325-83fa9cb4/image.png?access_token=66fa76cd-cbd2-445e-bb7c-fb933bbeeaed""></div></div>",,0.4,,,丙烯酸,泡棉_Acrylic foam(丙烯酸泡棉）,0.0,0,0,0,none
,3M,category_tape_foam,3M VHB 5611系列,3M 5608,5608,published,1,10,,"100%丙烯酸胶粘剂构成
100%闭孔泡棉结构
独特的结构设计，兼顾强度与贴服性
优异耐老化与耐候性
防水密封可达IPX7
易于模切，适合多种照明结构件设计
",对金属及中高表面能材料具有较高粘接力，耐温性好，兼具较高性价比。,"<div data-oe-version=""2.0""><ul><li>硅胶灯带背胶</li><li>户外灯饰背胶</li><li>LED灯带结构粘接</li><li>小夜灯固定</li><li>LED扩散板粘接</li><li>植物灯结构粘接</li></ul><div><img class=""img-fluid"" data-file-name=""image.png"" src=""/web/image/1325-83fa9cb4/image.png?access_token=66fa76cd-cbd2-445e-bb7c-fb933bbeeaed""></div></div>",,0.8,,,丙烯酸,泡棉_Acrylic foam(丙烯酸泡棉）,0.0,0,0,0,none
,3M,category_tape_foam,3M VHB 5611系列,3M 5611,5611,published,1,10,,"100%丙烯酸胶粘剂构成
100%闭孔泡棉结构
独特的结构设计，兼顾强度与贴服性
优异耐老化与耐候性
防水密封可达IPX7
易于模切，适合多种照明结构件设计
",对金属及中高表面能材料具有较高粘接力，耐温性好，兼具较高性价比。,"<div data-oe-version=""2.0""><ul><li>硅胶灯带背胶</li><li>户外灯饰背胶</li><li>LED灯带结构粘接</li><li>小夜灯固定</li><li>LED扩散板粘接</li><li>植物灯结构粘接</li></ul><div><img class=""img-fluid"" data-file-name=""image.png"" src=""/web/image/1325-83fa9cb4/image.png?access_token=66fa76cd-cbd2-445e-bb7c-fb933bbeeaed""></div></div>",,1.1,,,丙烯酸,泡棉_Acrylic foam(丙烯酸泡棉）,0.0,0,0,0,none
,3M,category_tape_no_substrate,3M 转移胶膜系列,3M F9469PC,F9469PC,published,1,10,,适合模切与薄型结构固定。,具有很强粘性和优异物理、化学稳定性，可起到密封作用，并兼具抗溶剂、抗紫外和抗温度急变特性。,"<div data-oe-version=""2.0""><ul><li>柔性LED灯条背胶</li><li>铭板粘贴</li><li>显示面板固定</li><li>泡棉与塑料件贴合</li></ul></div>",,0.13,,透明,丙烯酸,无基材,0.0,0,0,0,none
,3M,category_tape_no_substrate,3M 转移胶膜系列,3M 468MP,468MP,published,1,10,,适合模切与薄型结构固定。,具有很强粘性和优异物理、化学稳定性，可起到密封作用，并兼具抗溶剂、抗紫外和抗温度急变特性。,"<div data-oe-version=""2.0""><ul><li>柔性LED灯条背胶</li><li>铭板粘贴</li><li>显示面板固定</li><li>泡棉与塑料件贴合</li></ul></div>",,0.13,,透明,丙烯酸,无基材,0.0,0,0,0,none
,3M,category_tape_pet_double,3M 300LSE系列,3M 9495LE,9495LE,published,1,10,,"高初始粘合强度
高抗剪强度
优异的抗起翘性能
双面胶带方便模切、加工以及应用
无需底漆剂
无溶剂技术
适合低表面能塑料与轻微油污表面",3M 300LSE系列高强度丙烯酸胶带具有超强粘接力，对绝大多数材料表面具有很高的粘接强度，包括多数低表面能塑胶材料，例如聚丙烯，粉末涂层等。该系列胶带也对轻微油污表面有优异的粘接强度，使设计更轻松。,"<div data-oe-version=""2.0""><ul><li>难粘材料粘接</li><li>汽车内饰粘接</li><li>电子部件固定</li><li>家电部件粘接</li></ul></div>","<p>金属粘合塑料。
适合兼顾外观设计与高科技风格的结构粘接。</p>",0.17,,透明,丙烯酸,薄膜_PET（聚酯),0.0,0,0,0,none
,3M,category_tape_pet_double,3M 300LSE系列,3M 93015LE,93015LE,published,1,10,,"高初始粘合强度
高抗剪强度
优异的抗起翘性能
双面胶带方便模切、加工以及应用
无需底漆剂
无溶剂技术
适合低表面能塑料与轻微油污表面",3M 300LSE系列高强度丙烯酸胶带具有超强粘接力，对绝大多数材料表面具有很高的粘接强度，包括多数低表面能塑胶材料，例如聚丙烯，粉末涂层等。该系列胶带也对轻微油污表面有优异的粘接强度，使设计更轻松。,"<div data-oe-version=""2.0""><ul><li>难粘材料粘接</li><li>汽车内饰粘接</li><li>电子部件固定</li><li>家电部件粘接</li></ul></div>","<p>粘合塑料弯曲表面。
可快速粘合曲面塑料与泡棉或塑料。
剥离力摘要：不锈钢 12.6 N/cm；ABS塑料 9.7 N/cm；PC 6.7 N/cm；PP 9.0 N/cm。</p>",0.15,,透明,丙烯酸,薄膜_PET（聚酯),0.0,0,0,0,none
,3M,category_tape_pet_double,3M PET双面胶系列,3M 9495MP,9495MP,published,1,10,,适合模切与薄型结构固定。,模切性能优异，适合低表面能材料及轻微油污表面的粘接。,"<div data-oe-version=""2.0""><ul><li>柔性LED灯条背胶</li><li>铭板粘贴</li><li>显示面板固定</li><li>泡棉与塑料件贴合</li></ul></div>",,0.14,,透明,丙烯酸,薄膜_PET（聚酯),0.0,0,0,0,none
,3M,category_tape_tissue,3M 棉纸双面胶系列,3M 9080A,9080A,published,1,10,,适合模切与薄型结构固定。,模切性能优异，适合多数表面，耐高温，耐剪切强度表现优异。,"<div data-oe-version=""2.0""><ul><li>柔性LED灯条背胶</li><li>铭板粘贴</li><li>显示面板固定</li><li>泡棉与塑料件贴合</li></ul></div>",,0.15,,半透明,改性丙烯酸,棉纸/无纺布,0.0,0,0,0,none
,3M,category_tape_tissue,3M 棉纸双面胶系列,3M 9448A,9448A,published,1,10,,适合模切与薄型结构固定。,模切性能优异，适合多数表面，耐高温，耐剪切强度表现优异。,"<div data-oe-version=""2.0""><ul><li>柔性LED灯条背胶</li><li>铭板粘贴</li><li>显示面板固定</li><li>泡棉与塑料件贴合</li></ul></div>",,0.15,,半透明,丙烯酸,棉纸/无纺布,0.0,0,0,0,none
,3M,category_tape_tissue,3M 棉纸双面胶系列,3M 55210,55210,published,1,10,,适合模切与薄型结构固定。,模切性能优异，适合多数表面，耐高温，耐剪切强度表现优异。,"<div data-oe-version=""2.0""><ul><li>柔性LED灯条背胶</li><li>铭板粘贴</li><li>显示面板固定</li><li>泡棉与塑料件贴合</li></ul></div>",,0.1,,半透明,丙烯酸,棉纸/无纺布,0.0,0,0,0,none
,3M,category_tape_tissue,3M 棉纸双面胶系列,3M 56215,56215,published,1,10,,适合模切与薄型结构固定。,模切性能优异，适合多数表面，耐高温，耐剪切强度表现优异。,"<div data-oe-version=""2.0""><ul><li>柔性LED灯条背胶</li><li>铭板粘贴</li><li>显示面板固定</li><li>泡棉与塑料件贴合</li></ul></div>",,0.15,,透明,丙烯酸,棉纸/无纺布,0.0,0,0,0,none
,3M,category_tape_tissue,3M 棉纸双面胶系列,3M 56415,56415,published,1,10,,适合模切与薄型结构固定。,模切性能优异，适合多数表面，耐高温，耐剪切强度表现优异。,"<div data-oe-version=""2.0""><ul><li>柔性LED灯条背胶</li><li>铭板粘贴</li><li>显示面板固定</li><li>泡棉与塑料件贴合</li></ul></div>",,0.15,,半透明,丙烯酸,棉纸/无纺布,0.0,0,0,0,none
,3M,category_tape_foam,3M PE泡棉胶带系列,3M CIP66,CIP66,published,1,10,,高初粘、轻量、适合小部件粘接且易模切。,面向LED照明模组背胶应用的PE泡棉胶带。,"<div data-oe-version=""2.0""><ul><li>LED灯箱模组背胶</li><li>标志、铭牌</li><li>显示面板</li><li>塑料挂钩、支架</li><li>电线电缆固定</li><li>家电与展示柜部件</li><li>电子设备装饰件</li></ul><div><img class=""img-fluid p-1"" data-file-name=""image.png"" src=""/web/image/1436-d7c91d91/image.png?access_token=8870a797-37cb-4e64-81f5-db9af1b60ef8"" data-original-id=""1436"" data-original-src=""/web/image/1436-d7c91d91/image.png"" data-mimetype-before-conversion=""image/png""></div><figure><img class=""img-fluid p-1"" data-file-name=""image.png"" src=""/web/image/1435-ef008cdc/image.png?access_token=b9a9bef1-f047-40d2-b231-38da41297b07""><figcaption></figcaption></figure></div>",,1.1,,白色,丙烯酸,泡棉_PE(聚乙烯）,0.0,0,0,0,none
,3M,category_tape_foam,3M PE泡棉胶带系列,3M 1600T,1600T,published,1,10,,高初粘、轻量、适合小部件粘接且易模切。,面向LED照明模组背胶应用的PE泡棉胶带。,"<div data-oe-version=""2.0""><ul><li>LED灯箱模组背胶</li><li>标志、铭牌</li><li>显示面板</li><li>塑料挂钩、支架</li><li>电线电缆固定</li><li>家电与展示柜部件</li><li>电子设备装饰件</li></ul><div><img class=""img-fluid p-1"" data-file-name=""image.png"" src=""/web/image/1436-d7c91d91/image.png?access_token=8870a797-37cb-4e64-81f5-db9af1b60ef8"" data-original-id=""1436"" data-original-src=""/web/image/1436-d7c91d91/image.png"" data-mimetype-before-conversion=""image/png""></div><figure><img class=""img-fluid p-1"" data-file-name=""image.png"" src=""/web/image/1435-ef008cdc/image.png?access_token=b9a9bef1-f047-40d2-b231-38da41297b07""><figcaption></figcaption></figure></div>",,1.1,,白色,丙烯酸,泡棉_PE(聚乙烯）,0.0,0,0,0,none
,3M,category_other_auxiliary,3M 防篡改标签系列,3M 7613T 防篡改标签材料,7613T,published,1,10,,揭除即破坏，适合防伪与防拆封。,面向照明变压器、电源及关键部件的防篡改标签材料。,"<div data-oe-version=""2.0""><ul><li>照明变压器标签</li><li>电源标签</li><li>防篡改封签</li></ul></div>",,,,哑白,丙烯酸,薄膜_PVC（聚氯乙烯）,0.0,0,0,0,none
,3M,category_other_auxiliary,3M 防篡改标签系列,3M 7110 防篡改标签材料,7110,published,1,10,,揭除即破坏，适合防伪与防拆封。,面向照明变压器、电源及关键部件的防篡改标签材料。,"<div data-oe-version=""2.0""><ul><li>照明变压器标签</li><li>电源标签</li><li>防篡改封签</li></ul></div>",,,,哑白,丙烯酸,paper_防篡改纸,0.0,0,0,0,none
,3M,category_other_auxiliary,3M 耐久性标签系列,3M 7871V 耐久性标签材料,7871V,published,1,10,,支持多种印刷方式，适合长期识别。,面向照明变压器、电源及部件铭牌的耐久性标签材料。,"<div data-oe-version=""2.0""><ul><li>照明变压器标签</li><li>电源铭牌</li><li>耐久性标识</li></ul></div>",,,,亮白,丙烯酸,薄膜_PET（聚酯),0.0,0,0,0,none
,3M,category_other_auxiliary,3M 耐久性标签系列,3M 57817CN 耐久性标签材料,57817CN,published,1,10,,支持多种印刷方式，适合长期识别。,面向照明变压器、电源及部件铭牌的耐久性标签材料。,"<div data-oe-version=""2.0""><ul><li>照明变压器标签</li><li>电源铭牌</li><li>耐久性标识</li></ul></div>",,,,亮白,丙烯酸,薄膜_PET（聚酯),0.0,0,0,0,none
,3M,category_other_auxiliary,3M 底涂剂系列,3M AP111 底涂剂,AP111,published,1,10,,适合难粘接材料预处理，可提升金属、塑料、玻璃等表面的附着力。,用于难粘接基材表面处理、提升胶带系统附着力的底涂剂与表面处理辅料。,"<div data-oe-version=""2.0""><ul><li>胶带粘接前表面处理</li><li>金属与塑料基材附着力提升</li><li>玻璃基材底涂</li></ul></div>",,,,透明,,,0.0,0,0,0,none
,3M,category_other_auxiliary,3M 底涂剂系列,3M AP115 底涂剂,AP115,published,1,10,,适合难粘接材料预处理，可提升金属、塑料、玻璃等表面的附着力。,用于难粘接基材表面处理、提升胶带系统附着力的底涂剂与表面处理辅料。,"<div data-oe-version=""2.0""><ul><li>胶带粘接前表面处理</li><li>金属与塑料基材附着力提升</li><li>玻璃基材底涂</li></ul></div>",,,,透明,,,0.0,0,0,0,none
,3M,category_other_auxiliary,3M 底涂剂系列,3M 94 底涂剂,94底涂剂,published,1,10,,适合难粘接材料预处理，可提升金属、塑料、玻璃等表面的附着力。,用于难粘接基材表面处理、提升胶带系统附着力的底涂剂与表面处理辅料。,"<div data-oe-version=""2.0""><ul><li>胶带粘接前表面处理</li><li>金属与塑料基材附着力提升</li><li>玻璃基材底涂</li></ul></div>",,,,透明至淡黄/深黄,,,0.0,0,0,0,none
,3M,category_other_auxiliary,3M 底涂剂系列,3M UPUV 底涂剂,UPUV底涂剂,published,1,10,,适合难粘接材料预处理，可提升金属、塑料、玻璃等表面的附着力。,用于难粘接基材表面处理、提升胶带系统附着力的底涂剂与表面处理辅料。,"<div data-oe-version=""2.0""><ul><li>胶带粘接前表面处理</li><li>金属与塑料基材附着力提升</li><li>玻璃基材底涂</li></ul></div>",,,,透明,,,0.0,0,0,0,none
,3M,category_tape_pet_double,3M 300LSE系列,3M 93005LE,93005LE,published,1,10,,"高初始粘合强度
高抗剪强度
优异的抗起翘性能
双面胶带方便模切、加工以及应用
无需底漆剂
无溶剂技术
适合低表面能塑料与轻微油污表面",3M 300LSE系列高强度丙烯酸胶带具有超强粘接力，对绝大多数材料表面具有很高的粘接强度，包括多数低表面能塑胶材料，例如聚丙烯，粉末涂层等。该系列胶带也对轻微油污表面有优异的粘接强度，使设计更轻松。,"<div data-oe-version=""2.0""><ul><li>难粘材料粘接</li><li>汽车内饰粘接</li><li>电子部件固定</li><li>家电部件粘接</li></ul></div>","<p>金属网纱粘接塑料。
适合超薄手机设计。</p>",0.05,,透明,丙烯酸,薄膜_PET（聚酯),0.0,0,0,0,none
,3M,category_tape_pet_double,3M 300LSE系列,3M 93005LEB,93005LEB,published,1,10,,"高初始粘合强度
高抗剪强度
优异的抗起翘性能
双面胶带方便模切、加工以及应用
无需底漆剂
无溶剂技术
适合低表面能塑料与轻微油污表面",3M 300LSE系列高强度丙烯酸胶带具有超强粘接力，对绝大多数材料表面具有很高的粘接强度，包括多数低表面能塑胶材料，例如聚丙烯，粉末涂层等。该系列胶带也对轻微油污表面有优异的粘接强度，使设计更轻松。,"<div data-oe-version=""2.0""><ul><li>难粘材料粘接</li><li>汽车内饰粘接</li><li>电子部件固定</li><li>家电部件粘接</li></ul></div>",<p>黑色版本，适合需要遮蔽外观或黑色结构件的难粘材料贴合。</p>,0.05,,黒色,丙烯酸,薄膜_PET（聚酯),0.0,0,0,0,none
,3M,category_tape_no_substrate,3M 300LSE系列,3M 9471LE,9471LE,published,1,10,,"高初始粘合强度
高抗剪强度
优异的抗起翘性能
双面胶带方便模切、加工以及应用
无需底漆剂
无溶剂技术
适合低表面能塑料与轻微油污表面",3M 300LSE系列高强度丙烯酸胶带具有超强粘接力，对绝大多数材料表面具有很高的粘接强度，包括多数低表面能塑胶材料，例如聚丙烯，粉末涂层等。该系列胶带也对轻微油污表面有优异的粘接强度，使设计更轻松。,"<div data-oe-version=""2.0""><ul><li>难粘材料粘接</li><li>汽车内饰粘接</li><li>电子部件固定</li><li>家电部件粘接</li></ul></div>","<p>塑料粘合塑料。
适合医疗设备应用。</p>",0.06,,透明,丙烯酸,无基材,0.0,0,0,0,none
,3M,category_tape_no_substrate,3M 300LSE系列,3M 9671LE,9671LE,published,1,10,,"高初始粘合强度
高抗剪强度
优异的抗起翘性能
双面胶带方便模切、加工以及应用
无需底漆剂
无溶剂技术
适合低表面能塑料与轻微油污表面",3M 300LSE系列高强度丙烯酸胶带具有超强粘接力，对绝大多数材料表面具有很高的粘接强度，包括多数低表面能塑胶材料，例如聚丙烯，粉末涂层等。该系列胶带也对轻微油污表面有优异的粘接强度，使设计更轻松。,"<div data-oe-version=""2.0""><ul><li>难粘材料粘接</li><li>汽车内饰粘接</li><li>电子部件固定</li><li>家电部件粘接</li></ul></div>",<p>无基材超薄结构，适合难粘表面薄型贴合。</p>,0.06,,透明,丙烯酸,无基材,0.0,0,0,0,none
,3M,category_tape_pet_double,3M 300LSE系列,3M 93010LE,93010LE,published,1,10,,"高初始粘合强度
高抗剪强度
优异的抗起翘性能
双面胶带方便模切、加工以及应用
无需底漆剂
无溶剂技术
适合低表面能塑料与轻微油污表面",3M 300LSE系列高强度丙烯酸胶带具有超强粘接力，对绝大多数材料表面具有很高的粘接强度，包括多数低表面能塑胶材料，例如聚丙烯，粉末涂层等。该系列胶带也对轻微油污表面有优异的粘接强度，使设计更轻松。,"<div data-oe-version=""2.0""><ul><li>难粘材料粘接</li><li>汽车内饰粘接</li><li>电子部件固定</li><li>家电部件粘接</li></ul></div>","<p>塑料粘合金属。
有助于增加产品耐用性。</p>",0.1,,透明,丙烯酸,薄膜_PET（聚酯),0.0,0,0,0,none
,3M,category_tape_no_substrate,3M 300LSE系列,3M 9472LE,9472LE,published,1,10,,"高初始粘合强度
高抗剪强度
优异的抗起翘性能
双面胶带方便模切、加工以及应用
无需底漆剂
无溶剂技术
适合低表面能塑料与轻微油污表面",3M 300LSE系列高强度丙烯酸胶带具有超强粘接力，对绝大多数材料表面具有很高的粘接强度，包括多数低表面能塑胶材料，例如聚丙烯，粉末涂层等。该系列胶带也对轻微油污表面有优异的粘接强度，使设计更轻松。,"<div data-oe-version=""2.0""><ul><li>难粘材料粘接</li><li>汽车内饰粘接</li><li>电子部件固定</li><li>家电部件粘接</li></ul></div>",<p>无基材结构，适合需要更高贴服性的难粘材料薄型粘接。</p>,0.13,,透明,丙烯酸,无基材,0.0,0,0,0,none
,3M,category_tape_no_substrate,3M 300LSE系列,3M 9672LE,9672LE,published,1,10,,"高初始粘合强度
高抗剪强度
优异的抗起翘性能
双面胶带方便模切、加工以及应用
无需底漆剂
无溶剂技术
适合低表面能塑料与轻微油污表面",3M 300LSE系列高强度丙烯酸胶带具有超强粘接力，对绝大多数材料表面具有很高的粘接强度，包括多数低表面能塑胶材料，例如聚丙烯，粉末涂层等。该系列胶带也对轻微油污表面有优异的粘接强度，使设计更轻松。,"<div data-oe-version=""2.0""><ul><li>难粘材料粘接</li><li>汽车内饰粘接</li><li>电子部件固定</li><li>家电部件粘接</li></ul></div>",<p>无基材结构，适合模切和精密部件贴合。</p>,0.13,,透明,丙烯酸,无基材,0.0,0,0,0,none
,3M,category_tape_pet_double,3M 300LSE系列,3M 93020LE,93020LE,published,1,10,,"高初始粘合强度
高抗剪强度
优异的抗起翘性能
双面胶带方便模切、加工以及应用
无需底漆剂
无溶剂技术
适合低表面能塑料与轻微油污表面",3M 300LSE系列高强度丙烯酸胶带具有超强粘接力，对绝大多数材料表面具有很高的粘接强度，包括多数低表面能塑胶材料，例如聚丙烯，粉末涂层等。该系列胶带也对轻微油污表面有优异的粘接强度，使设计更轻松。,"<div data-oe-version=""2.0""><ul><li>难粘材料粘接</li><li>汽车内饰粘接</li><li>电子部件固定</li><li>家电部件粘接</li></ul></div>","<p>塑料粘合粉末涂层金属。
提供持久粘接强度，也适用于弯曲表面。</p>",0.2,,透明,丙烯酸,薄膜_PET（聚酯),0.0,0,0,0,none
,3M,category_raw_material,100MP,F9460PC,F9460PC,draft,1,10,,,高性能丙烯酸胶粘剂系列；手册页15/16显示其用于高温、耐溶剂、高剪切场景。,,,,,,,,0.0,0,0,0,none
,3M,,3M GT7100 Series,3M Acrylic Foam Tape GT7104,GT7104,draft,1,20,,"Provides final adhesion and holding power to automotive paints and substrates
Meets a number of OEM specifications
Follows shrinkage and elongation of plastic parts caused by temperature change and has good stress relaxation properties
Viscoelastic core conforms well to complex geometries and delivers excellent wet out
Demonstrates excellent adhesive performance at various temperature conditions
Offers solvent and high temperature resistance in a variety of weather conditions
['Provides final adhesion and holding power to automotive paints and substrates', 'Meets a number of OEM specifications', 'Follows the shrinkage and elongation of the plastic part caused by temperature change and has good stress relaxation properties', 'Stress relaxation characteristics of the viscoelastic core allow the tape to conform well to complex geometries and deliver excellent wet out', 'Demonstrates excellent adhesive performance at various temperature conditions', 'Excels in a variety of weather conditions and offers solvent and high temperature resistance']","3M Acrylic Foam Tape GT7100 Series offers very good adhesion performance and high flexibility. These tapes are specifically designed for the attachment of automotive exterior and interior trim applications.
3M Acrylic Foam Tape GT7100 Series offers very good adhesion performance and high flexibility. These tapes are specifically designed for the attachment of automotive exterior and interior trim applications.","<p>Attachment of automotive exterior trim
Attachment of automotive interior trim</p>","<div data-oe-version=""2.0""><p>红色半透明聚乙烯离型膜；离型膜厚度不计入总厚度。</p></div>",0.4 mm,,灰色,丙烯酸,泡棉_Acrylic foam(丙烯酸泡棉）,0.0,0,0,0,none
,3M,,3M GT7100 Series,3M Acrylic Foam Tape GT7106,GT7106,draft,1,30,,"Provides final adhesion and holding power to automotive paints and substrates
Meets a number of OEM specifications
Follows shrinkage and elongation of plastic parts caused by temperature change and has good stress relaxation properties
Viscoelastic core conforms well to complex geometries and delivers excellent wet out
Demonstrates excellent adhesive performance at various temperature conditions
Offers solvent and high temperature resistance in a variety of weather conditions
['Provides final adhesion and holding power to automotive paints and substrates', 'Meets a number of OEM specifications', 'Follows the shrinkage and elongation of the plastic part caused by temperature change and has good stress relaxation properties', 'Stress relaxation characteristics of the viscoelastic core allow the tape to conform well to complex geometries and deliver excellent wet out', 'Demonstrates excellent adhesive performance at various temperature conditions', 'Excels in a variety of weather conditions and offers solvent and high temperature resistance']","3M Acrylic Foam Tape GT7100 Series offers very good adhesion performance and high flexibility. These tapes are specifically designed for the attachment of automotive exterior and interior trim applications.
3M Acrylic Foam Tape GT7100 Series offers very good adhesion performance and high flexibility. These tapes are specifically designed for the attachment of automotive exterior and interior trim applications.","<p>Attachment of automotive exterior trim
Attachment of automotive interior trim</p>","<div data-oe-version=""2.0""><p>红色半透明聚乙烯离型膜；离型膜厚度不计入总厚度。</p></div>",0.6 mm,,灰色,丙烯酸,泡棉_Acrylic foam(丙烯酸泡棉）,0.0,0,0,0,none
,3M,,3M GT7100 Series,3M Acrylic Foam Tape GT7108,GT7108,draft,1,40,,"Provides final adhesion and holding power to automotive paints and substrates
Meets a number of OEM specifications
Follows shrinkage and elongation of plastic parts caused by temperature change and has good stress relaxation properties
Viscoelastic core conforms well to complex geometries and delivers excellent wet out
Demonstrates excellent adhesive performance at various temperature conditions
Offers solvent and high temperature resistance in a variety of weather conditions
['Provides final adhesion and holding power to automotive paints and substrates', 'Meets a number of OEM specifications', 'Follows the shrinkage and elongation of the plastic part caused by temperature change and has good stress relaxation properties', 'Stress relaxation characteristics of the viscoelastic core allow the tape to conform well to complex geometries and deliver excellent wet out', 'Demonstrates excellent adhesive performance at various temperature conditions', 'Excels in a variety of weather conditions and offers solvent and high temperature resistance']","3M Acrylic Foam Tape GT7100 Series offers very good adhesion performance and high flexibility. These tapes are specifically designed for the attachment of automotive exterior and interior trim applications.
3M Acrylic Foam Tape GT7100 Series offers very good adhesion performance and high flexibility. These tapes are specifically designed for the attachment of automotive exterior and interior trim applications.","<p>Attachment of automotive exterior trim
Attachment of automotive interior trim</p>","<div data-oe-version=""2.0""><p>红色半透明聚乙烯离型膜；离型膜厚度不计入总厚度。</p></div>",0.8 mm,,灰色,丙烯酸,泡棉_Acrylic foam(丙烯酸泡棉）,0.0,0,0,0,none
,3M,,3M GT7100 Series,3M Acrylic Foam Tape GT7110,GT7110,draft,1,50,,"Provides final adhesion and holding power to automotive paints and substrates
Meets a number of OEM specifications
Follows shrinkage and elongation of plastic parts caused by temperature change and has good stress relaxation properties
Viscoelastic core conforms well to complex geometries and delivers excellent wet out
Demonstrates excellent adhesive performance at various temperature conditions
Offers solvent and high temperature resistance in a variety of weather conditions
['Provides final adhesion and holding power to automotive paints and substrates', 'Meets a number of OEM specifications', 'Follows the shrinkage and elongation of the plastic part caused by temperature change and has good stress relaxation properties', 'Stress relaxation characteristics of the viscoelastic core allow the tape to conform well to complex geometries and deliver excellent wet out', 'Demonstrates excellent adhesive performance at various temperature conditions', 'Excels in a variety of weather conditions and offers solvent and high temperature resistance']","3M Acrylic Foam Tape GT7100 Series offers very good adhesion performance and high flexibility. These tapes are specifically designed for the attachment of automotive exterior and interior trim applications.
3M Acrylic Foam Tape GT7100 Series offers very good adhesion performance and high flexibility. These tapes are specifically designed for the attachment of automotive exterior and interior trim applications.","<p>Attachment of automotive exterior trim
Attachment of automotive interior trim</p>","<div data-oe-version=""2.0""><p>红色半透明聚乙烯离型膜；离型膜厚度不计入总厚度。</p></div>",1.0 mm,,灰色,丙烯酸,泡棉_Acrylic foam(丙烯酸泡棉）,0.0,0,0,0,none
,3M,,3M GT7100 Series,3M Acrylic Foam Tape GT7112,GT7112,draft,1,60,,"Provides final adhesion and holding power to automotive paints and substrates
Meets a number of OEM specifications
Follows shrinkage and elongation of plastic parts caused by temperature change and has good stress relaxation properties
Viscoelastic core conforms well to complex geometries and delivers excellent wet out
Demonstrates excellent adhesive performance at various temperature conditions
Offers solvent and high temperature resistance in a variety of weather conditions
['Provides final adhesion and holding power to automotive paints and substrates', 'Meets a number of OEM specifications', 'Follows the shrinkage and elongation of the plastic part caused by temperature change and has good stress relaxation properties', 'Stress relaxation characteristics of the viscoelastic core allow the tape to conform well to complex geometries and deliver excellent wet out', 'Demonstrates excellent adhesive performance at various temperature conditions', 'Excels in a variety of weather conditions and offers solvent and high temperature resistance']","3M Acrylic Foam Tape GT7100 Series offers very good adhesion performance and high flexibility. These tapes are specifically designed for the attachment of automotive exterior and interior trim applications.
3M Acrylic Foam Tape GT7100 Series offers very good adhesion performance and high flexibility. These tapes are specifically designed for the attachment of automotive exterior and interior trim applications.","<p>Attachment of automotive exterior trim
Attachment of automotive interior trim</p>","<div data-oe-version=""2.0""><p>红色半透明聚乙烯离型膜；离型膜厚度不计入总厚度。</p></div>",1.2 mm,,灰色,丙烯酸,泡棉_Acrylic foam(丙烯酸泡棉）,0.0,0,0,0,none
,3M,,3M GT7100 Series,3M Acrylic Foam Tape GT7116,GT7116,draft,1,70,,"Provides final adhesion and holding power to automotive paints and substrates
Meets a number of OEM specifications
Follows shrinkage and elongation of plastic parts caused by temperature change and has good stress relaxation properties
Viscoelastic core conforms well to complex geometries and delivers excellent wet out
Demonstrates excellent adhesive performance at various temperature conditions
Offers solvent and high temperature resistance in a variety of weather conditions
['Provides final adhesion and holding power to automotive paints and substrates', 'Meets a number of OEM specifications', 'Follows the shrinkage and elongation of the plastic part caused by temperature change and has good stress relaxation properties', 'Stress relaxation characteristics of the viscoelastic core allow the tape to conform well to complex geometries and deliver excellent wet out', 'Demonstrates excellent adhesive performance at various temperature conditions', 'Excels in a variety of weather conditions and offers solvent and high temperature resistance']","3M Acrylic Foam Tape GT7100 Series offers very good adhesion performance and high flexibility. These tapes are specifically designed for the attachment of automotive exterior and interior trim applications.
3M Acrylic Foam Tape GT7100 Series offers very good adhesion performance and high flexibility. These tapes are specifically designed for the attachment of automotive exterior and interior trim applications.","<p>Attachment of automotive exterior trim
Attachment of automotive interior trim</p>","<div data-oe-version=""2.0""><p>红色半透明聚乙烯离型膜；离型膜厚度不计入总厚度。</p></div>",1.6 mm,,灰色,丙烯酸,泡棉_Acrylic foam(丙烯酸泡棉）,0.0,0,0,0,none
,3M,,3M GT7100 Series,3M Acrylic Foam Tape GT7120,GT7120,draft,1,80,,"Provides final adhesion and holding power to automotive paints and substrates
Meets a number of OEM specifications
Follows shrinkage and elongation of plastic parts caused by temperature change and has good stress relaxation properties
Viscoelastic core conforms well to complex geometries and delivers excellent wet out
Demonstrates excellent adhesive performance at various temperature conditions
Offers solvent and high temperature resistance in a variety of weather conditions
['Provides final adhesion and holding power to automotive paints and substrates', 'Meets a number of OEM specifications', 'Follows the shrinkage and elongation of the plastic part caused by temperature change and has good stress relaxation properties', 'Stress relaxation characteristics of the viscoelastic core allow the tape to conform well to complex geometries and deliver excellent wet out', 'Demonstrates excellent adhesive performance at various temperature conditions', 'Excels in a variety of weather conditions and offers solvent and high temperature resistance']","3M Acrylic Foam Tape GT7100 Series offers very good adhesion performance and high flexibility. These tapes are specifically designed for the attachment of automotive exterior and interior trim applications.
3M Acrylic Foam Tape GT7100 Series offers very good adhesion performance and high flexibility. These tapes are specifically designed for the attachment of automotive exterior and interior trim applications.","<p>Attachment of automotive exterior trim
Attachment of automotive interior trim</p>","<div data-oe-version=""2.0""><p>红色半透明聚乙烯离型膜；离型膜厚度不计入总厚度。</p></div>",2.0 mm,,灰色,丙烯酸,泡棉_Acrylic foam(丙烯酸泡棉）,0.0,0,0,0,none
,3M,,3M GT7100 Series,3M Acrylic Foam Tape GT7125,GT7125,draft,1,90,,"Provides final adhesion and holding power to automotive paints and substrates
Meets a number of OEM specifications
Follows shrinkage and elongation of plastic parts caused by temperature change and has good stress relaxation properties
Viscoelastic core conforms well to complex geometries and delivers excellent wet out
Demonstrates excellent adhesive performance at various temperature conditions
Offers solvent and high temperature resistance in a variety of weather conditions
['Provides final adhesion and holding power to automotive paints and substrates', 'Meets a number of OEM specifications', 'Follows the shrinkage and elongation of the plastic part caused by temperature change and has good stress relaxation properties', 'Stress relaxation characteristics of the viscoelastic core allow the tape to conform well to complex geometries and deliver excellent wet out', 'Demonstrates excellent adhesive performance at various temperature conditions', 'Excels in a variety of weather conditions and offers solvent and high temperature resistance']","3M Acrylic Foam Tape GT7100 Series offers very good adhesion performance and high flexibility. These tapes are specifically designed for the attachment of automotive exterior and interior trim applications.
3M Acrylic Foam Tape GT7100 Series offers very good adhesion performance and high flexibility. These tapes are specifically designed for the attachment of automotive exterior and interior trim applications.","<p>Attachment of automotive exterior trim
Attachment of automotive interior trim</p>","<div data-oe-version=""2.0""><p>红色半透明聚乙烯离型膜；离型膜厚度不计入总厚度。</p></div>",2.5 mm,,灰色,丙烯酸,泡棉_Acrylic foam(丙烯酸泡棉）,0.0,0,0,0,none
,3M,,3M GT7100 Series,3M Acrylic Foam Tape GT7130,GT7130,draft,1,100,,"Provides final adhesion and holding power to automotive paints and substrates
Meets a number of OEM specifications
Follows shrinkage and elongation of plastic parts caused by temperature change and has good stress relaxation properties
Viscoelastic core conforms well to complex geometries and delivers excellent wet out
Demonstrates excellent adhesive performance at various temperature conditions
Offers solvent and high temperature resistance in a variety of weather conditions
['Provides final adhesion and holding power to automotive paints and substrates', 'Meets a number of OEM specifications', 'Follows the shrinkage and elongation of the plastic part caused by temperature change and has good stress relaxation properties', 'Stress relaxation characteristics of the viscoelastic core allow the tape to conform well to complex geometries and deliver excellent wet out', 'Demonstrates excellent adhesive performance at various temperature conditions', 'Excels in a variety of weather conditions and offers solvent and high temperature resistance']","3M Acrylic Foam Tape GT7100 Series offers very good adhesion performance and high flexibility. These tapes are specifically designed for the attachment of automotive exterior and interior trim applications.
3M Acrylic Foam Tape GT7100 Series offers very good adhesion performance and high flexibility. These tapes are specifically designed for the attachment of automotive exterior and interior trim applications.","<p>Attachment of automotive exterior trim
Attachment of automotive interior trim</p>","<div data-oe-version=""2.0""><p>红色半透明聚乙烯离型膜；离型膜厚度不计入总厚度。</p></div>",3.0 mm,,白色,丙烯酸,泡棉_Acrylic foam(丙烯酸泡棉）,0.0,0,0,0,none
,3M,,3M GT7100 Series,3M Acrylic Foam Tape GT7135,GT7135,draft,1,110,,"Provides final adhesion and holding power to automotive paints and substrates
Meets a number of OEM specifications
Follows shrinkage and elongation of plastic parts caused by temperature change and has good stress relaxation properties
Viscoelastic core conforms well to complex geometries and delivers excellent wet out
Demonstrates excellent adhesive performance at various temperature conditions
Offers solvent and high temperature resistance in a variety of weather conditions
['Provides final adhesion and holding power to automotive paints and substrates', 'Meets a number of OEM specifications', 'Follows the shrinkage and elongation of the plastic part caused by temperature change and has good stress relaxation properties', 'Stress relaxation characteristics of the viscoelastic core allow the tape to conform well to complex geometries and deliver excellent wet out', 'Demonstrates excellent adhesive performance at various temperature conditions', 'Excels in a variety of weather conditions and offers solvent and high temperature resistance']","3M Acrylic Foam Tape GT7100 Series offers very good adhesion performance and high flexibility. These tapes are specifically designed for the attachment of automotive exterior and interior trim applications.
3M Acrylic Foam Tape GT7100 Series offers very good adhesion performance and high flexibility. These tapes are specifically designed for the attachment of automotive exterior and interior trim applications.","<p>Attachment of automotive exterior trim
Attachment of automotive interior trim</p>","<div data-oe-version=""2.0""><p>红色半透明聚乙烯离型膜；离型膜厚度不计入总厚度。</p></div>",3.5 mm,,白色,丙烯酸,泡棉_Acrylic foam(丙烯酸泡棉）,0.0,0,0,0,none
,3M,,3M GT7100 Series,3M Acrylic Foam Tape GT7140,GT7140,draft,1,120,,"Provides final adhesion and holding power to automotive paints and substrates
Meets a number of OEM specifications
Follows shrinkage and elongation of plastic parts caused by temperature change and has good stress relaxation properties
Viscoelastic core conforms well to complex geometries and delivers excellent wet out
Demonstrates excellent adhesive performance at various temperature conditions
Offers solvent and high temperature resistance in a variety of weather conditions
['Provides final adhesion and holding power to automotive paints and substrates', 'Meets a number of OEM specifications', 'Follows the shrinkage and elongation of the plastic part caused by temperature change and has good stress relaxation properties', 'Stress relaxation characteristics of the viscoelastic core allow the tape to conform well to complex geometries and deliver excellent wet out', 'Demonstrates excellent adhesive performance at various temperature conditions', 'Excels in a variety of weather conditions and offers solvent and high temperature resistance']","3M Acrylic Foam Tape GT7100 Series offers very good adhesion performance and high flexibility. These tapes are specifically designed for the attachment of automotive exterior and interior trim applications.
3M Acrylic Foam Tape GT7100 Series offers very good adhesion performance and high flexibility. These tapes are specifically designed for the attachment of automotive exterior and interior trim applications.","<p>Attachment of automotive exterior trim
Attachment of automotive interior trim</p>","<div data-oe-version=""2.0""><p>红色半透明聚乙烯离型膜；离型膜厚度不计入总厚度。</p></div>",4.0 mm,,白色,丙烯酸,泡棉_Acrylic foam(丙烯酸泡棉）,0.0,0,0,0,none
